INSERT INTO sch_test.department (id, dept_name) VALUES ('d009', 'Customer Service');;
INSERT INTO sch_test.department (id, dept_name) VALUES ('d005', 'Development');;
INSERT INTO sch_test.department (id, dept_name) VALUES ('d002', 'Finance');;
INSERT INTO sch_test.department (id, dept_name) VALUES ('d003', 'Human Resources');;
INSERT INTO sch_test.department (id, dept_name) VALUES ('d001', 'Marketing');;
INSERT INTO sch_test.department (id, dept_name) VALUES ('d004', 'Production');;
INSERT INTO sch_test.department (id, dept_name) VALUES ('d006', 'Quality Management');;
INSERT INTO sch_test.department (id, dept_name) VALUES ('d008', 'Research');;
INSERT INTO sch_test.department (id, dept_name) VALUES ('d007', 'Sales');;


INSERT INTO sch_test.employee(birth_date, first_name, last_name, gender, hire_date) VALUES ('1953-09-02', 'Georgi',	    'Facello',	    'M',	'1986-06-26');;
INSERT INTO sch_test.employee(birth_date, first_name, last_name, gender, hire_date) VALUES ('1964-06-02', 'Bezalel',	'Simmel', 	    'F',	'1985-11-21');;
INSERT INTO sch_test.employee(birth_date, first_name, last_name, gender, hire_date) VALUES ('1959-12-03', 'Parto',	    'Bamford',	    'M',	'1986-08-28');;
INSERT INTO sch_test.employee(birth_date, first_name, last_name, gender, hire_date) VALUES ('1954-05-01', 'Chirstian',	'Koblick',	    'M',	'1986-12-01');;
INSERT INTO sch_test.employee(birth_date, first_name, last_name, gender, hire_date) VALUES ('1955-01-21', 'Kyoichi',	'Maliniak',	    'M',	'1989-09-12');;
INSERT INTO sch_test.employee(birth_date, first_name, last_name, gender, hire_date) VALUES ('1953-04-20', 'Anneke',  	'Preusig',	    'F',	'1989-06-02');;
INSERT INTO sch_test.employee(birth_date, first_name, last_name, gender, hire_date) VALUES ('1957-05-23', 'Tzvetan', 	'Zielinski',	'F',	'1989-02-10');;
INSERT INTO sch_test.employee(birth_date, first_name, last_name, gender, hire_date) VALUES ('1958-02-19', 'Saniya',  	'Kalloufi',	    'M',	'1994-09-15');;
INSERT INTO sch_test.employee(birth_date, first_name, last_name, gender, hire_date) VALUES ('1952-04-19', 'Sumant',  	'Peac',	        'F',	'1985-02-18');;
INSERT INTO sch_test.employee(birth_date, first_name, last_name, gender, hire_date) VALUES ('1963-06-01', 'Duangkaew',  'Piveteau',	    'F',	'1989-08-24');;
INSERT INTO sch_test.employee(birth_date, first_name, last_name, gender, hire_date) VALUES ('1953-11-07', 'Mary',    	'Sluis',	    'F',	'1990-01-22');;
INSERT INTO sch_test.employee(birth_date, first_name, last_name, gender, hire_date) VALUES ('1960-10-04', 'Patricio',	'Bridgland',	'M',	'1992-12-18');;
INSERT INTO sch_test.employee(birth_date, first_name, last_name, gender, hire_date) VALUES ('1963-06-07', 'Eberhardt',	'Terkki',	    'M',	'1985-10-20');;
INSERT INTO sch_test.employee(birth_date, first_name, last_name, gender, hire_date) VALUES ('1956-02-12', 'Berni',   	'Genin',	    'M',	'1987-03-11');;
INSERT INTO sch_test.employee(birth_date, first_name, last_name, gender, hire_date) VALUES ('1959-08-19', 'Guoxiang',   'Nooteboom',	'M',	'1987-07-02');;
INSERT INTO sch_test.employee(birth_date, first_name, last_name, gender, hire_date) VALUES ('1961-05-02', 'Kazuhito',	'Caelletti',    'M',	'1995-01-27');;
INSERT INTO sch_test.employee(birth_date, first_name, last_name, gender, hire_date) VALUES ('1958-07-06', 'Cristinel',	'Bouloucos',	'F',	'1993-08-03');;
INSERT INTO sch_test.employee(birth_date, first_name, last_name, gender, hire_date) VALUES ('1954-06-19', 'Kazuhide',	'Peha',         'F',	'1987-04-03');;
INSERT INTO sch_test.employee(birth_date, first_name, last_name, gender, hire_date) VALUES ('1953-01-23', 'Lillian', 	'Haddadi',	    'M',	'1999-04-30');;
INSERT INTO sch_test.employee(birth_date, first_name, last_name, gender, hire_date) VALUES ('1952-12-24', 'Mayuko',	    'Warwick',	    'M',	'1991-01-26');;
INSERT INTO sch_test.employee(birth_date, first_name, last_name, gender, hire_date) VALUES ('1960-02-20', 'Ramzi',   	'Erde',	        'M',	'1988-02-10');;
INSERT INTO sch_test.employee(birth_date, first_name, last_name, gender, hire_date) VALUES ('1952-07-08', 'Shahaf',  	'Famili',	    'M',	'1995-08-22');;
INSERT INTO sch_test.employee(birth_date, first_name, last_name, gender, hire_date) VALUES ('1953-09-29', 'Bojan',   	'Montemayor',	'F',	'1989-12-17');;
INSERT INTO sch_test.employee(birth_date, first_name, last_name, gender, hire_date) VALUES ('1958-09-05', 'Suzette',	'Pettey',	    'F',	'1997-05-19');;
INSERT INTO sch_test.employee(birth_date, first_name, last_name, gender, hire_date) VALUES ('1958-10-31', 'Prasadram',	'Heyers',	    'M',	'1987-08-17');;
INSERT INTO sch_test.employee(birth_date, first_name, last_name, gender, hire_date) VALUES ('1953-04-03', 'Yongqiao',	'Berztiss',	    'M',	'1995-03-20');;
INSERT INTO sch_test.employee(birth_date, first_name, last_name, gender, hire_date) VALUES ('1962-07-10', 'Divier',	    'Reistad',	    'F',	'1989-07-07');;
INSERT INTO sch_test.employee(birth_date, first_name, last_name, gender, hire_date) VALUES ('1963-11-26', 'Domenick',	'Tempesti',	    'M',	'1991-10-22');;
INSERT INTO sch_test.employee(birth_date, first_name, last_name, gender, hire_date) VALUES ('1956-12-13', 'Otmar',	    'Herbst',	    'M',	'1985-11-20');;
INSERT INTO sch_test.employee(birth_date, first_name, last_name, gender, hire_date) VALUES ('1958-07-14', 'Elvis',	    'Demeyer',	    'M',	'1994-02-17');;
INSERT INTO sch_test.employee(birth_date, first_name, last_name, gender, hire_date) VALUES ('1959-01-27', 'Karsten',	'Joslin',	    'M',	'1991-09-01');;
INSERT INTO sch_test.employee(birth_date, first_name, last_name, gender, hire_date) VALUES ('1960-08-09', 'Jeong',	    'Reistad',	    'F',	'1990-06-20');;
INSERT INTO sch_test.employee(birth_date, first_name, last_name, gender, hire_date) VALUES ('1956-11-14', 'Arif',	    'Merlo',        'M',	'1987-03-18');;
INSERT INTO sch_test.employee(birth_date, first_name, last_name, gender, hire_date) VALUES ('1962-12-29', 'Bader',	    'Swan',	        'M',	'1988-09-21');;
INSERT INTO sch_test.employee(birth_date, first_name, last_name, gender, hire_date) VALUES ('1953-02-08', 'Alain',	    'Chappelet',	'M',	'1988-09-05');;
INSERT INTO sch_test.employee(birth_date, first_name, last_name, gender, hire_date) VALUES ('1959-08-10', 'Adamantios',	'Portugali',	'M',	'1992-01-03');;
INSERT INTO sch_test.employee(birth_date, first_name, last_name, gender, hire_date) VALUES ('1963-07-22', 'Pradeep',	'Makrucki',	    'M',	'1990-12-05');;
INSERT INTO sch_test.employee(birth_date, first_name, last_name, gender, hire_date) VALUES ('1960-07-20', 'Huan',	    'Lortz',        'M',	'1989-09-20');;
INSERT INTO sch_test.employee(birth_date, first_name, last_name, gender, hire_date) VALUES ('1959-10-01', 'Alejandro',	'Brender',	    'M',	'1988-01-19');;
INSERT INTO sch_test.employee(birth_date, first_name, last_name, gender, hire_date) VALUES ('1959-09-13', 'Weiyi',	    'Meriste',	    'F',	'1993-02-14');;
INSERT INTO sch_test.employee(birth_date, first_name, last_name, gender, hire_date) VALUES ('1959-08-27', 'Uri',       'Lenart',	    'F',	'1989-11-12');;
INSERT INTO sch_test.employee(birth_date, first_name, last_name, gender, hire_date) VALUES ('1956-02-26', 'Magy',	    'Stamatiou',	'F',	'1993-03-21');;
INSERT INTO sch_test.employee(birth_date, first_name, last_name, gender, hire_date) VALUES ('1960-09-19', 'Yishay',	    'Tzvieli',	    'M',	'1990-10-20');;
INSERT INTO sch_test.employee(birth_date, first_name, last_name, gender, hire_date) VALUES ('1961-09-21', 'Mingsen',	'Casley',	    'F',	'1994-05-21');;
INSERT INTO sch_test.employee(birth_date, first_name, last_name, gender, hire_date) VALUES ('1957-08-14', 'Moss',       'Shanbhogue',	'M',	'1989-09-02');;
INSERT INTO sch_test.employee(birth_date, first_name, last_name, gender, hire_date) VALUES ('1960-07-23', 'Lucien',	    'Rosenbaum',	'M',	'1992-06-20');;
INSERT INTO sch_test.employee(birth_date, first_name, last_name, gender, hire_date) VALUES ('1952-06-29', 'Zvonko',	    'Nyanchama',	'M',	'1989-03-31');;
INSERT INTO sch_test.employee(birth_date, first_name, last_name, gender, hire_date) VALUES ('1963-07-11', 'Florian',	'Syrotiuk',	    'M',	'1985-02-24');;
INSERT INTO sch_test.employee(birth_date, first_name, last_name, gender, hire_date) VALUES ('1961-04-24', 'Basil',	    'Tramer',	    'F',	'1992-05-04');;
INSERT INTO sch_test.employee(birth_date, first_name, last_name, gender, hire_date) VALUES ('1958-05-21', 'Yinghua',	'Dredge',	    'M',	'1990-12-25');;
INSERT INTO sch_test.employee(birth_date, first_name, last_name, gender, hire_date) VALUES ('1953-07-28', 'Hidefumi',	'Caine',	    'M',	'1992-10-15');;
INSERT INTO sch_test.employee(birth_date, first_name, last_name, gender, hire_date) VALUES ('1961-02-26', 'Heping',	    'Nitsch',	    'M',	'1988-05-21');;
INSERT INTO sch_test.employee(birth_date, first_name, last_name, gender, hire_date) VALUES ('1954-09-13', 'Sanjiv',	    'Zschoche',	    'F',	'1986-02-04');;
INSERT INTO sch_test.employee(birth_date, first_name, last_name, gender, hire_date) VALUES ('1957-04-04', 'Mayumi',	    'Schueller',	'M',	'1995-03-13');;
INSERT INTO sch_test.employee(birth_date, first_name, last_name, gender, hire_date) VALUES ('1956-06-06', 'Georgy',	    'Dredge',	    'M',	'1992-04-27');;
INSERT INTO sch_test.employee(birth_date, first_name, last_name, gender, hire_date) VALUES ('1961-09-01', 'Brendon',    'Bernini',	    'F',	'1990-02-01');;
INSERT INTO sch_test.employee(birth_date, first_name, last_name, gender, hire_date) VALUES ('1954-05-30', 'Ebbe',	    'Callaway',	    'F',	'1992-01-15');;
INSERT INTO sch_test.employee(birth_date, first_name, last_name, gender, hire_date) VALUES ('1954-10-01', 'Berhard',	'McFarlin',	    'M',	'1987-04-13');;
INSERT INTO sch_test.employee(birth_date, first_name, last_name, gender, hire_date) VALUES ('1953-09-19', 'Alejandro',	'McAlpine',	    'F',	'1991-06-26');;
INSERT INTO sch_test.employee(birth_date, first_name, last_name, gender, hire_date) VALUES ('1961-10-15', 'Breannda',	'Billingsley',	'M',	'1987-11-02');;
INSERT INTO sch_test.employee(birth_date, first_name, last_name, gender, hire_date) VALUES ('1962-10-19', 'Tse',        'Herber',	    'M',	'1985-09-17');;
INSERT INTO sch_test.employee(birth_date, first_name, last_name, gender, hire_date) VALUES ('1961-11-02', 'Anoosh',	    'Peyn',	        'M',	'1991-08-30');;
INSERT INTO sch_test.employee(birth_date, first_name, last_name, gender, hire_date) VALUES ('1952-08-06', 'Gino',	    'Leonhardt',	'F',	'1989-04-08');;
INSERT INTO sch_test.employee(birth_date, first_name, last_name, gender, hire_date) VALUES ('1959-04-07', 'Udi',	    'Jansch',	    'M',	'1985-11-20');;
INSERT INTO sch_test.employee(birth_date, first_name, last_name, gender, hire_date) VALUES ('1963-04-14', 'Satosi',	    'Awdeh',	    'M',	'1988-05-18');;
INSERT INTO sch_test.employee(birth_date, first_name, last_name, gender, hire_date) VALUES ('1952-11-13', 'Kwee',	    'Schusler',	    'M','	1986-02-26');;
INSERT INTO sch_test.employee(birth_date, first_name, last_name, gender, hire_date) VALUES ('1953-01-07', 'Claudi',	    'Stavenow',	    'M','	1987-03-04');;
INSERT INTO sch_test.employee(birth_date, first_name, last_name, gender, hire_date) VALUES ('1962-11-26', 'Charlene',	'Brattka',	    'M',	'1987-08-07');;
INSERT INTO sch_test.employee(birth_date, first_name, last_name, gender, hire_date) VALUES ('1960-09-06', 'Margareta',	'Bierman',	    'F',	'1989-11-05');;
INSERT INTO sch_test.employee(birth_date, first_name, last_name, gender, hire_date) VALUES ('1955-08-20', 'Reuven',	    'Garigliano',	'M',	'1985-10-14');;
INSERT INTO sch_test.employee(birth_date, first_name, last_name, gender, hire_date) VALUES ('1958-01-21', 'Hisao',	    'Lipner',	    'M',	'1987-10-01');;
INSERT INTO sch_test.employee(birth_date, first_name, last_name, gender, hire_date) VALUES ('1952-05-15', 'Hironoby',	'Sidou',	    'F',	'1988-07-21');;
INSERT INTO sch_test.employee(birth_date, first_name, last_name, gender, hire_date) VALUES ('1954-02-23', 'Shir',	    'McClurg',	    'M',	'1991-12-01');;
INSERT INTO sch_test.employee(birth_date, first_name, last_name, gender, hire_date) VALUES ('1955-08-28', 'Mokhtar',	'Bernatsky',	'F',	'1990-08-13');;
INSERT INTO sch_test.employee(birth_date, first_name, last_name, gender, hire_date) VALUES ('1960-03-09', 'Gao',	     'Dolinsky',	'F',	'1987-03-19');;
INSERT INTO sch_test.employee(birth_date, first_name, last_name, gender, hire_date) VALUES ('1952-06-13', 'Erez',	    'Ritzmann',	    'F',	'1985-07-09');;
INSERT INTO sch_test.employee(birth_date, first_name, last_name, gender, hire_date) VALUES ('1964-04-18', 'Mona',	    'Azuma',	    'M',	'1990-03-02');;
INSERT INTO sch_test.employee(birth_date, first_name, last_name, gender, hire_date) VALUES ('1959-12-25', 'Danel',	    'Mondadori',	'F',	'1987-05-26');;
INSERT INTO sch_test.employee(birth_date, first_name, last_name, gender, hire_date) VALUES ('1961-10-05', 'Kshitij',	'Gils',	        'F',	'1986-03-27');;
INSERT INTO sch_test.employee(birth_date, first_name, last_name, gender, hire_date) VALUES ('1957-12-03', 'Premal',	    'Baek',	        'M',	'1985-11-19');;
INSERT INTO sch_test.employee(birth_date, first_name, last_name, gender, hire_date) VALUES ('1960-12-17', 'Zhongwei',	'Rosen',	    'M',	'1986-10-30');;
INSERT INTO sch_test.employee(birth_date, first_name, last_name, gender, hire_date) VALUES ('1963-09-09', 'Parviz',	    'Lortz',	    'M',	'1990-01-03');;
INSERT INTO sch_test.employee(birth_date, first_name, last_name, gender, hire_date) VALUES ('1959-07-23', 'Vishv',	    'Zockler',	    'M',	'1987-03-31');;
INSERT INTO sch_test.employee(birth_date, first_name, last_name, gender, hire_date) VALUES ('1960-05-25', 'Tuval',	    'Kalloufi',	    'M',	'1995-12-15');;
INSERT INTO sch_test.employee(birth_date, first_name, last_name, gender, hire_date) VALUES ('1962-11-07', 'Kenroku',	'Malabarba',	'M',	'1994-04-09');;
INSERT INTO sch_test.employee(birth_date, first_name, last_name, gender, hire_date) VALUES ('1962-11-19', 'Somnath',	'Foote',	    'M',	'1990-02-16');;
INSERT INTO sch_test.employee(birth_date, first_name, last_name, gender, hire_date) VALUES ('1959-07-23', 'Xinglin',	'Eugenio',	    'F',	'1986-09-08');;
INSERT INTO sch_test.employee(birth_date, first_name, last_name, gender, hire_date) VALUES ('1954-02-25', 'Jungsoon',	'Syrzycki',	    'F',	'1988-09-02');;
INSERT INTO sch_test.employee(birth_date, first_name, last_name, gender, hire_date) VALUES ('1963-03-21', 'Sudharsan',	'Flasterstein',	'F',	'1986-08-12');;
INSERT INTO sch_test.employee(birth_date, first_name, last_name, gender, hire_date) VALUES ('1961-05-30', 'Kendra',	    'Hofting',	    'M',	'1986-03-14');;
INSERT INTO sch_test.employee(birth_date, first_name, last_name, gender, hire_date) VALUES ('1955-10-04', 'Amabile',	'Gomatam',	    'M',	'1992-11-18');;
INSERT INTO sch_test.employee(birth_date, first_name, last_name, gender, hire_date) VALUES ('1964-10-18', 'Valdiodio',	'Niizuma',	    'F',	'1989-09-22');;
INSERT INTO sch_test.employee(birth_date, first_name, last_name, gender, hire_date) VALUES ('1964-06-11', 'Sailaja',	'Desikan',	    'M',	'1996-11-05');;
INSERT INTO sch_test.employee(birth_date, first_name, last_name, gender, hire_date) VALUES ('1957-05-25', 'Arumugam',	'Ossenbruggen',	'F',	'1987-04-18');;
INSERT INTO sch_test.employee(birth_date, first_name, last_name, gender, hire_date) VALUES ('1965-01-03', 'Hilari',	    'Morton',	    'M',	'1986-07-15');;
INSERT INTO sch_test.employee(birth_date, first_name, last_name, gender, hire_date) VALUES ('1954-09-16', 'Jayson',	    'Mandell',	    'M',	'1990-01-14');;
INSERT INTO sch_test.employee(birth_date, first_name, last_name, gender, hire_date) VALUES ('1952-02-27', 'Remzi',	    'Waschkowski',	'M',	'1990-09-15');;
INSERT INTO sch_test.employee(birth_date, first_name, last_name, gender, hire_date) VALUES ('1961-09-23', 'Sreekrishna','Servieres',	'F',	'1985-05-13');;
INSERT INTO sch_test.employee(birth_date, first_name, last_name, gender, hire_date) VALUES ('1956-05-25', 'Valter',	    'Sullins',	    'F',	'1988-10-18');;
INSERT INTO sch_test.employee(birth_date, first_name, last_name, gender, hire_date) VALUES ('1953-04-21', 'Hironobu',	'Haraldson',	'F',	'1987-09-21');;



INSERT INTO sch_test.department_employee(employee_id, department_id, from_date, to_date) VALUES (1,	    'd005',	'1986-06-26',	'2030-01-01');;
INSERT INTO sch_test.department_employee(employee_id, department_id, from_date, to_date) VALUES (2,	    'd007',	'1996-08-03',	'2030-01-01');;
INSERT INTO sch_test.department_employee(employee_id, department_id, from_date, to_date) VALUES (3,	    'd004',	'1995-12-03',	'2030-01-01');;
INSERT INTO sch_test.department_employee(employee_id, department_id, from_date, to_date) VALUES (4,	    'd004',	'1986-12-01',	'2030-01-01');;
INSERT INTO sch_test.department_employee(employee_id, department_id, from_date, to_date) VALUES (5,	    'd003',	'1989-09-12',	'2030-01-01');;
INSERT INTO sch_test.department_employee(employee_id, department_id, from_date, to_date) VALUES (6,	    'd005',	'1990-08-05',	'2030-01-01');;
INSERT INTO sch_test.department_employee(employee_id, department_id, from_date, to_date) VALUES (7,	    'd008',	'1989-02-10',	'2030-01-01');;
INSERT INTO sch_test.department_employee(employee_id, department_id, from_date, to_date) VALUES (8,	    'd005',	'1998-03-11',	'2030-07-31');;
INSERT INTO sch_test.department_employee(employee_id, department_id, from_date, to_date) VALUES (9,	    'd006',	'1985-02-18',	'2030-01-01');;
INSERT INTO sch_test.department_employee(employee_id, department_id, from_date, to_date) VALUES (10,	'd004',	'1996-11-24',	'2030-06-26');;
INSERT INTO sch_test.department_employee(employee_id, department_id, from_date, to_date) VALUES (11,	'd006',	'2000-06-26',	'2030-01-01');;
INSERT INTO sch_test.department_employee(employee_id, department_id, from_date, to_date) VALUES (12,	'd009',	'1990-01-22',	'2030-11-09');;
INSERT INTO sch_test.department_employee(employee_id, department_id, from_date, to_date) VALUES (13,	'd005',	'1992-12-18',	'2030-01-01');;
INSERT INTO sch_test.department_employee(employee_id, department_id, from_date, to_date) VALUES (14,	'd003',	'1985-10-20',	'2030-01-01');;
INSERT INTO sch_test.department_employee(employee_id, department_id, from_date, to_date) VALUES (15,	'd005',	'1993-12-29',	'2030-01-01');;
INSERT INTO sch_test.department_employee(employee_id, department_id, from_date, to_date) VALUES (16,	'd008',	'1992-09-19',	'2030-08-22');;
INSERT INTO sch_test.department_employee(employee_id, department_id, from_date, to_date) VALUES (17,	'd007',	'1998-02-11',	'2030-01-01');;
INSERT INTO sch_test.department_employee(employee_id, department_id, from_date, to_date) VALUES (18,	'd001',	'1993-08-03',	'2030-01-01');;
INSERT INTO sch_test.department_employee(employee_id, department_id, from_date, to_date) VALUES (19,	'd004',	'1992-07-29',	'2030-01-01');;
INSERT INTO sch_test.department_employee(employee_id, department_id, from_date, to_date) VALUES (20,	'd005',	'1987-04-03',	'2030-07-29');;
INSERT INTO sch_test.department_employee(employee_id, department_id, from_date, to_date) VALUES (21,	'd008',	'1999-04-30',	'2030-01-01');;
INSERT INTO sch_test.department_employee(employee_id, department_id, from_date, to_date) VALUES (22,	'd004',	'1997-12-30',	'2030-01-01');;
INSERT INTO sch_test.department_employee(employee_id, department_id, from_date, to_date) VALUES (23,	'd005',	'1988-02-10',	'2030-07-15');;
INSERT INTO sch_test.department_employee(employee_id, department_id, from_date, to_date) VALUES (24,	'd005',	'1999-09-03',	'2030-01-01');;
INSERT INTO sch_test.department_employee(employee_id, department_id, from_date, to_date) VALUES (25,	'd005',	'1999-09-27',	'2030-01-01');;
INSERT INTO sch_test.department_employee(employee_id, department_id, from_date, to_date) VALUES (26,	'd004',	'1998-06-14',	'2030-01-01');;
INSERT INTO sch_test.department_employee(employee_id, department_id, from_date, to_date) VALUES (27,	'd005',	'1987-08-17',	'2030-10-15');;
INSERT INTO sch_test.department_employee(employee_id, department_id, from_date, to_date) VALUES (28,	'd004',	'1995-03-20',	'2030-01-01');;
INSERT INTO sch_test.department_employee(employee_id, department_id, from_date, to_date) VALUES (29,	'd005',	'1995-04-02',	'2030-01-01');;
INSERT INTO sch_test.department_employee(employee_id, department_id, from_date, to_date) VALUES (30,	'd005',	'1991-10-22',	'2030-04-06');;
INSERT INTO sch_test.department_employee(employee_id, department_id, from_date, to_date) VALUES (31,	'd004',	'1991-09-18',	'2030-07-08');;
INSERT INTO sch_test.department_employee(employee_id, department_id, from_date, to_date) VALUES (32,	'd006',	'1999-07-08',	'2030-01-01');;
INSERT INTO sch_test.department_employee(employee_id, department_id, from_date, to_date) VALUES (33,	'd004',	'1994-02-17',	'2030-01-01');;
INSERT INTO sch_test.department_employee(employee_id, department_id, from_date, to_date) VALUES (34,	'd005',	'1991-09-01',	'2030-01-01');;
INSERT INTO sch_test.department_employee(employee_id, department_id, from_date, to_date) VALUES (35,	'd004',	'1990-06-20',	'2030-01-01');;
INSERT INTO sch_test.department_employee(employee_id, department_id, from_date, to_date) VALUES (36,	'd006',	'1987-03-18',	'2030-03-24');;
INSERT INTO sch_test.department_employee(employee_id, department_id, from_date, to_date) VALUES (37,	'd007',	'1995-04-12',	'2030-10-31');;
INSERT INTO sch_test.department_employee(employee_id, department_id, from_date, to_date) VALUES (38,	'd004',	'1988-09-05',	'2030-01-01');;
INSERT INTO sch_test.department_employee(employee_id, department_id, from_date, to_date) VALUES (39,	'd003',	'1992-04-28',	'2030-01-01');;
INSERT INTO sch_test.department_employee(employee_id, department_id, from_date, to_date) VALUES (40,	'd005',	'1990-12-05',	'2030-01-01');;
INSERT INTO sch_test.department_employee(employee_id, department_id, from_date, to_date) VALUES (41,	'd009',	'1989-09-20',	'2030-01-01');;
INSERT INTO sch_test.department_employee(employee_id, department_id, from_date, to_date) VALUES (42,	'd003',	'1988-01-19',	'2030-01-01');;
INSERT INTO sch_test.department_employee(employee_id, department_id, from_date, to_date) VALUES (43,	'd005',	'1993-02-14',	'2030-01-22');;
INSERT INTO sch_test.department_employee(employee_id, department_id, from_date, to_date) VALUES (44,	'd008',	'2002-01-22',	'2030-01-01');;
INSERT INTO sch_test.department_employee(employee_id, department_id, from_date, to_date) VALUES (45,	'd007',	'1989-11-12',	'2030-01-01');;
INSERT INTO sch_test.department_employee(employee_id, department_id, from_date, to_date) VALUES (46,	'd002',	'1993-03-21',	'2030-08-10');;
INSERT INTO sch_test.department_employee(employee_id, department_id, from_date, to_date) VALUES (47,	'd005',	'1990-10-20',	'2030-01-01');;
INSERT INTO sch_test.department_employee(employee_id, department_id, from_date, to_date) VALUES (48,	'd004',	'1994-05-21',	'2030-01-01');;
INSERT INTO sch_test.department_employee(employee_id, department_id, from_date, to_date) VALUES (49,	'd004',	'1996-11-16',	'2030-01-01');;
INSERT INTO sch_test.department_employee(employee_id, department_id, from_date, to_date) VALUES (50,	'd008',	'1992-06-20',	'2030-01-01');;
INSERT INTO sch_test.department_employee(employee_id, department_id, from_date, to_date) VALUES (51,	'd004',	'1989-03-31',	'2030-01-01');;
INSERT INTO sch_test.department_employee(employee_id, department_id, from_date, to_date) VALUES (52,	'd005',	'1985-02-24',	'2030-01-27');;
INSERT INTO sch_test.department_employee(employee_id, department_id, from_date, to_date) VALUES (53,	'd009',	'1992-05-04',	'2030-01-01');;
INSERT INTO sch_test.department_employee(employee_id, department_id, from_date, to_date) VALUES (54,	'd002',	'1990-12-25',	'2030-11-05');;
INSERT INTO sch_test.department_employee(employee_id, department_id, from_date, to_date) VALUES (55,	'd007',	'1992-11-05',	'2030-01-01');;
INSERT INTO sch_test.department_employee(employee_id, department_id, from_date, to_date) VALUES (56,	'd004',	'1992-10-15',	'2030-01-01');;
INSERT INTO sch_test.department_employee(employee_id, department_id, from_date, to_date) VALUES (57,	'd008',	'1997-01-31',	'2030-01-01');;
INSERT INTO sch_test.department_employee(employee_id, department_id, from_date, to_date) VALUES (58,	'd007',	'1994-11-13',	'2030-01-01');;
INSERT INTO sch_test.department_employee(employee_id, department_id, from_date, to_date) VALUES (59,	'd003',	'1995-07-29',	'2030-01-01');;
INSERT INTO sch_test.department_employee(employee_id, department_id, from_date, to_date) VALUES (60,	'd001',	'1992-04-27',	'2030-07-22');;
INSERT INTO sch_test.department_employee(employee_id, department_id, from_date, to_date) VALUES (61,	'd005',	'1990-02-01',	'2030-01-01');;
INSERT INTO sch_test.department_employee(employee_id, department_id, from_date, to_date) VALUES (62,	'd005',	'1992-01-15',	'2030-01-01');;
INSERT INTO sch_test.department_employee(employee_id, department_id, from_date, to_date) VALUES (63,	'd001',	'1988-04-25',	'2030-01-01');;
INSERT INTO sch_test.department_employee(employee_id, department_id, from_date, to_date) VALUES (64,	'd002',	'1991-06-26',	'2030-01-01');;
INSERT INTO sch_test.department_employee(employee_id, department_id, from_date, to_date) VALUES (65,	'd007',	'1989-05-28',	'2030-11-11');;
INSERT INTO sch_test.department_employee(employee_id, department_id, from_date, to_date) VALUES (66,	'd009',	'1992-11-11',	'2030-01-01');;
INSERT INTO sch_test.department_employee(employee_id, department_id, from_date, to_date) VALUES (67,	'd007',	'1989-12-02',	'2030-01-01');;
INSERT INTO sch_test.department_employee(employee_id, department_id, from_date, to_date) VALUES (68,	'd005',	'1991-08-30',	'2030-01-01');;
INSERT INTO sch_test.department_employee(employee_id, department_id, from_date, to_date) VALUES (69,	'd004',	'1989-04-08',	'2030-01-01');;
INSERT INTO sch_test.department_employee(employee_id, department_id, from_date, to_date) VALUES (70,	'd008',	'1985-11-20',	'2030-03-02');;
INSERT INTO sch_test.department_employee(employee_id, department_id, from_date, to_date) VALUES (71,	'd005',	'1998-05-24',	'2030-01-01');;
INSERT INTO sch_test.department_employee(employee_id, department_id, from_date, to_date) VALUES (72,	'd005',	'1986-02-26',	'2030-01-01');;
INSERT INTO sch_test.department_employee(employee_id, department_id, from_date, to_date) VALUES (73,	'd006',	'1987-03-04',	'2030-01-01');;
INSERT INTO sch_test.department_employee(employee_id, department_id, from_date, to_date) VALUES (74,	'd007',	'1987-08-07',	'2030-01-01');;
INSERT INTO sch_test.department_employee(employee_id, department_id, from_date, to_date) VALUES (75,	'd004',	'1992-06-14',	'2030-01-01');;
INSERT INTO sch_test.department_employee(employee_id, department_id, from_date, to_date) VALUES (76,	'd005',	'1985-10-14',	'2030-10-18');;
INSERT INTO sch_test.department_employee(employee_id, department_id, from_date, to_date) VALUES (77,	'd008',	'1995-10-18',	'2030-01-01');;
INSERT INTO sch_test.department_employee(employee_id, department_id, from_date, to_date) VALUES (78,	'd003',	'1995-08-05',	'2030-01-01');;
INSERT INTO sch_test.department_employee(employee_id, department_id, from_date, to_date) VALUES (79,	'd005',	'1989-05-21',	'2030-01-01');;
INSERT INTO sch_test.department_employee(employee_id, department_id, from_date, to_date) VALUES (80,	'd006',	'1998-02-02',	'2030-02-22');;
INSERT INTO sch_test.department_employee(employee_id, department_id, from_date, to_date) VALUES (81,	'd005',	'1990-08-13',	'2030-01-01');;
INSERT INTO sch_test.department_employee(employee_id, department_id, from_date, to_date) VALUES (82,	'd005',	'1988-05-17',	'2030-01-15');;
INSERT INTO sch_test.department_employee(employee_id, department_id, from_date, to_date) VALUES (83,	'd005',	'1996-07-15',	'2030-01-01');;
INSERT INTO sch_test.department_employee(employee_id, department_id, from_date, to_date) VALUES (84,	'd003',	'1994-12-23',	'2030-01-01');;
INSERT INTO sch_test.department_employee(employee_id, department_id, from_date, to_date) VALUES (85,	'd005',	'1994-09-29',	'2030-01-01');;
INSERT INTO sch_test.department_employee(employee_id, department_id, from_date, to_date) VALUES (86,	'd005',	'1995-12-13',	'2030-01-01');;
INSERT INTO sch_test.department_employee(employee_id, department_id, from_date, to_date) VALUES (87,	'd002',	'1994-09-28',	'2030-07-09');;
INSERT INTO sch_test.department_employee(employee_id, department_id, from_date, to_date) VALUES (88,	'd003',	'1997-07-09',	'2030-01-01');;
INSERT INTO sch_test.department_employee(employee_id, department_id, from_date, to_date) VALUES (89,	'd004',	'1986-10-30',	'2030-01-01');;
INSERT INTO sch_test.department_employee(employee_id, department_id, from_date, to_date) VALUES (90,	'd008',	'1990-01-03',	'2030-01-15');;
INSERT INTO sch_test.department_employee(employee_id, department_id, from_date, to_date) VALUES (91,	'd004',	'1987-03-31',	'2030-01-01');;
INSERT INTO sch_test.department_employee(employee_id, department_id, from_date, to_date) VALUES (92,	'd004',	'1995-12-15',	'2030-01-01');;
INSERT INTO sch_test.department_employee(employee_id, department_id, from_date, to_date) VALUES (93,	'd004',	'1994-04-09',	'2030-01-01');;
INSERT INTO sch_test.department_employee(employee_id, department_id, from_date, to_date) VALUES (94,	'd003',	'1992-02-19',	'2030-01-01');;
INSERT INTO sch_test.department_employee(employee_id, department_id, from_date, to_date) VALUES (95,	'd007',	'1997-05-08',	'2030-01-09');;
INSERT INTO sch_test.department_employee(employee_id, department_id, from_date, to_date) VALUES (96,	'd007',	'1988-09-02',	'2030-03-21');;
INSERT INTO sch_test.department_employee(employee_id, department_id, from_date, to_date) VALUES (97,	'd009',	'1992-03-21',	'2030-01-01');;
INSERT INTO sch_test.department_employee(employee_id, department_id, from_date, to_date) VALUES (98,	'd007',	'1989-01-10',	'2030-01-01');;
INSERT INTO sch_test.department_employee(employee_id, department_id, from_date, to_date) VALUES (99,	'd005',	'1986-03-14',	'2030-05-07');;
INSERT INTO sch_test.department_employee(employee_id, department_id, from_date, to_date) VALUES (100,	'd005',	'1992-11-18',	'2030-01-01');;




INSERT INTO sch_test.department_manager(employee_id, department_id, from_date, to_date) VALUES (1,	    'd001',	'1985-01-01',	'1991-10-01');;
INSERT INTO sch_test.department_manager(employee_id, department_id, from_date, to_date) VALUES (2,	    'd001',	'1991-10-01',	'2030-01-01');;
INSERT INTO sch_test.department_manager(employee_id, department_id, from_date, to_date) VALUES (3,	    'd002',	'1985-01-01',	'1989-12-17');;
INSERT INTO sch_test.department_manager(employee_id, department_id, from_date, to_date) VALUES (4,	    'd002',	'1989-12-17',	'2030-01-01');;
INSERT INTO sch_test.department_manager(employee_id, department_id, from_date, to_date) VALUES (5,	    'd003',	'1985-01-01',	'1992-03-21');;
INSERT INTO sch_test.department_manager(employee_id, department_id, from_date, to_date) VALUES (6,	    'd003',	'1992-03-21',	'2030-01-01');;
INSERT INTO sch_test.department_manager(employee_id, department_id, from_date, to_date) VALUES (7,	    'd004',	'1985-01-01',	'1988-09-09');;
INSERT INTO sch_test.department_manager(employee_id, department_id, from_date, to_date) VALUES (8,	    'd004',	'1988-09-09',	'1992-08-02');;
INSERT INTO sch_test.department_manager(employee_id, department_id, from_date, to_date) VALUES (9,	    'd004',	'1992-08-02',	'1996-08-30');;
INSERT INTO sch_test.department_manager(employee_id, department_id, from_date, to_date) VALUES (10,     'd004',	'1996-08-30',	'2030-01-01');;
INSERT INTO sch_test.department_manager(employee_id, department_id, from_date, to_date) VALUES (11,     'd005',	'1985-01-01',	'1992-04-25');;
INSERT INTO sch_test.department_manager(employee_id, department_id, from_date, to_date) VALUES (12,     'd005',	'1992-04-25',	'2030-01-01');;
INSERT INTO sch_test.department_manager(employee_id, department_id, from_date, to_date) VALUES (13,     'd006',	'1985-01-01',	'1989-05-06');;
INSERT INTO sch_test.department_manager(employee_id, department_id, from_date, to_date) VALUES (14,     'd006',	'1989-05-06',	'1991-09-12');;
INSERT INTO sch_test.department_manager(employee_id, department_id, from_date, to_date) VALUES (15,     'd006',	'1991-09-12',	'1994-06-28');;
INSERT INTO sch_test.department_manager(employee_id, department_id, from_date, to_date) VALUES (16,     'd006',	'1994-06-28',	'2030-01-01');;
INSERT INTO sch_test.department_manager(employee_id, department_id, from_date, to_date) VALUES (17,     'd007',	'1985-01-01',	'1991-03-07');;
INSERT INTO sch_test.department_manager(employee_id, department_id, from_date, to_date) VALUES (18,     'd007',	'1991-03-07',	'2030-01-01');;
INSERT INTO sch_test.department_manager(employee_id, department_id, from_date, to_date) VALUES (19,     'd008',	'1985-01-01',	'1991-04-08');;
INSERT INTO sch_test.department_manager(employee_id, department_id, from_date, to_date) VALUES (20,     'd008',	'1991-04-08',	'2030-01-01');;
INSERT INTO sch_test.department_manager(employee_id, department_id, from_date, to_date) VALUES (21,     'd009',	'1985-01-01',	'1988-10-17');;
INSERT INTO sch_test.department_manager(employee_id, department_id, from_date, to_date) VALUES (22,     'd009',	'1988-10-17',	'1992-09-08');;
INSERT INTO sch_test.department_manager(employee_id, department_id, from_date, to_date) VALUES (23,     'd009',	'1992-09-08',	'1996-01-03');;
INSERT INTO sch_test.department_manager(employee_id, department_id, from_date, to_date) VALUES (24,     'd009',	'1996-01-03',	'2030-01-01');;



INSERT INTO sch_test.salary(employee_id, amount, from_date, to_date) VALUES (1,	 	60117,	'1986-06-26',	'1987-06-26');;
INSERT INTO sch_test.salary(employee_id, amount, from_date, to_date) VALUES (2,	 	62102,	'1987-06-26',	'1988-06-25');;
INSERT INTO sch_test.salary(employee_id, amount, from_date, to_date) VALUES (3,	 	66074,	'1988-06-25',	'1989-06-25');;
INSERT INTO sch_test.salary(employee_id, amount, from_date, to_date) VALUES (4,	 	66596,	'1989-06-25',	'1990-06-25');;
INSERT INTO sch_test.salary(employee_id, amount, from_date, to_date) VALUES (5,	 	66961,	'1990-06-25',	'1991-06-25');;
INSERT INTO sch_test.salary(employee_id, amount, from_date, to_date) VALUES (6,	 	71046,	'1991-06-25',	'1992-06-24');;
INSERT INTO sch_test.salary(employee_id, amount, from_date, to_date) VALUES (7,	 	74333,	'1992-06-24',	'1993-06-24');;
INSERT INTO sch_test.salary(employee_id, amount, from_date, to_date) VALUES (8,	 	75286,	'1993-06-24',	'1994-06-24');;
INSERT INTO sch_test.salary(employee_id, amount, from_date, to_date) VALUES (9,	 	75994,	'1994-06-24',	'1995-06-24');;
INSERT INTO sch_test.salary(employee_id, amount, from_date, to_date) VALUES (10,	76884,	'1995-06-24',	'1996-06-23');;
INSERT INTO sch_test.salary(employee_id, amount, from_date, to_date) VALUES (11,	80013,	'1996-06-23',	'1997-06-23');;
INSERT INTO sch_test.salary(employee_id, amount, from_date, to_date) VALUES (12,	81025,	'1997-06-23',	'1998-06-23');;
INSERT INTO sch_test.salary(employee_id, amount, from_date, to_date) VALUES (13,	81097,	'1998-06-23',	'1999-06-23');;
INSERT INTO sch_test.salary(employee_id, amount, from_date, to_date) VALUES (14,	84917,	'1999-06-23',	'2000-06-22');;
INSERT INTO sch_test.salary(employee_id, amount, from_date, to_date) VALUES (15,	85112,	'2000-06-22',	'2001-06-22');;
INSERT INTO sch_test.salary(employee_id, amount, from_date, to_date) VALUES (16,	85097,	'2001-06-22',	'2002-06-22');;
INSERT INTO sch_test.salary(employee_id, amount, from_date, to_date) VALUES (17,	88958,	'2002-06-22',	'2030-01-01');;
INSERT INTO sch_test.salary(employee_id, amount, from_date, to_date) VALUES (18,	65828,	'1996-08-03',	'1997-08-03');;
INSERT INTO sch_test.salary(employee_id, amount, from_date, to_date) VALUES (19,	65909,	'1997-08-03',	'1998-08-03');;
INSERT INTO sch_test.salary(employee_id, amount, from_date, to_date) VALUES (20,	67534,	'1998-08-03',	'1999-08-03');;
INSERT INTO sch_test.salary(employee_id, amount, from_date, to_date) VALUES (21,	69366,	'1999-08-03',	'2000-08-02');;
INSERT INTO sch_test.salary(employee_id, amount, from_date, to_date) VALUES (22,	71963,	'2000-08-02',	'2001-08-02');;
INSERT INTO sch_test.salary(employee_id, amount, from_date, to_date) VALUES (23,	72527,	'2001-08-02',	'2030-01-01');;
INSERT INTO sch_test.salary(employee_id, amount, from_date, to_date) VALUES (24,	40006,	'1995-12-03',	'1996-12-02');;
INSERT INTO sch_test.salary(employee_id, amount, from_date, to_date) VALUES (25,	43616,	'1996-12-02',	'1997-12-02');;
INSERT INTO sch_test.salary(employee_id, amount, from_date, to_date) VALUES (26,	43466,	'1997-12-02',	'1998-12-02');;
INSERT INTO sch_test.salary(employee_id, amount, from_date, to_date) VALUES (27,	43636,	'1998-12-02',	'1999-12-02');;
INSERT INTO sch_test.salary(employee_id, amount, from_date, to_date) VALUES (28,	43478,	'1999-12-02',	'2000-12-01');;
INSERT INTO sch_test.salary(employee_id, amount, from_date, to_date) VALUES (29,	43699,	'2000-12-01',	'2001-12-01');;
INSERT INTO sch_test.salary(employee_id, amount, from_date, to_date) VALUES (30,	43311,	'2001-12-01',	'2030-01-01');;
INSERT INTO sch_test.salary(employee_id, amount, from_date, to_date) VALUES (31,	40054,	'1986-12-01',	'1987-12-01');;
INSERT INTO sch_test.salary(employee_id, amount, from_date, to_date) VALUES (32,	42283,	'1987-12-01',	'1988-11-30');;
INSERT INTO sch_test.salary(employee_id, amount, from_date, to_date) VALUES (33,	42542,	'1988-11-30',	'1989-11-30');;
INSERT INTO sch_test.salary(employee_id, amount, from_date, to_date) VALUES (34,	46065,	'1989-11-30',	'1990-11-30');;
INSERT INTO sch_test.salary(employee_id, amount, from_date, to_date) VALUES (35,	48271,	'1990-11-30',	'1991-11-30');;
INSERT INTO sch_test.salary(employee_id, amount, from_date, to_date) VALUES (36,	50594,	'1991-11-30',	'1992-11-29');;
INSERT INTO sch_test.salary(employee_id, amount, from_date, to_date) VALUES (37,	52119,	'1992-11-29',	'1993-11-29');;
INSERT INTO sch_test.salary(employee_id, amount, from_date, to_date) VALUES (38,	54693,	'1993-11-29',	'1994-11-29');;
INSERT INTO sch_test.salary(employee_id, amount, from_date, to_date) VALUES (39,	58326,	'1994-11-29',	'1995-11-29');;
INSERT INTO sch_test.salary(employee_id, amount, from_date, to_date) VALUES (40,	60770,	'1995-11-29',	'1996-11-28');;
INSERT INTO sch_test.salary(employee_id, amount, from_date, to_date) VALUES (41,	62566,	'1996-11-28',	'1997-11-28');;
INSERT INTO sch_test.salary(employee_id, amount, from_date, to_date) VALUES (42,	64340,	'1997-11-28',	'1998-11-28');;
INSERT INTO sch_test.salary(employee_id, amount, from_date, to_date) VALUES (43,	67096,	'1998-11-28',	'1999-11-28');;
INSERT INTO sch_test.salary(employee_id, amount, from_date, to_date) VALUES (44,	69722,	'1999-11-28',	'2000-11-27');;
INSERT INTO sch_test.salary(employee_id, amount, from_date, to_date) VALUES (45,	70698,	'2000-11-27',	'2001-11-27');;
INSERT INTO sch_test.salary(employee_id, amount, from_date, to_date) VALUES (46,	74057,	'2001-11-27',	'2030-01-01');;
INSERT INTO sch_test.salary(employee_id, amount, from_date, to_date) VALUES (47,	78228,	'1989-09-12',	'1990-09-12');;
INSERT INTO sch_test.salary(employee_id, amount, from_date, to_date) VALUES (48,	82621,	'1990-09-12',	'1991-09-12');;
INSERT INTO sch_test.salary(employee_id, amount, from_date, to_date) VALUES (49,	83735,	'1991-09-12',	'1992-09-11');;
INSERT INTO sch_test.salary(employee_id, amount, from_date, to_date) VALUES (50,	85572,	'1992-09-11',	'1993-09-11');;
INSERT INTO sch_test.salary(employee_id, amount, from_date, to_date) VALUES (51,	85076,	'1993-09-11',	'1994-09-11');;
INSERT INTO sch_test.salary(employee_id, amount, from_date, to_date) VALUES (52,	86050,	'1994-09-11',	'1995-09-11');;
INSERT INTO sch_test.salary(employee_id, amount, from_date, to_date) VALUES (53,	88448,	'1995-09-11',	'1996-09-10');;
INSERT INTO sch_test.salary(employee_id, amount, from_date, to_date) VALUES (54,	88063,	'1996-09-10',	'1997-09-10');;
INSERT INTO sch_test.salary(employee_id, amount, from_date, to_date) VALUES (55,	89724,	'1997-09-10',	'1998-09-10');;
INSERT INTO sch_test.salary(employee_id, amount, from_date, to_date) VALUES (56,	90392,	'1998-09-10',	'1999-09-10');;
INSERT INTO sch_test.salary(employee_id, amount, from_date, to_date) VALUES (57,	90531,	'1999-09-10',	'2000-09-09');;
INSERT INTO sch_test.salary(employee_id, amount, from_date, to_date) VALUES (58,	91453,	'2000-09-09',	'2001-09-09');;
INSERT INTO sch_test.salary(employee_id, amount, from_date, to_date) VALUES (59,	94692,	'2001-09-09',	'2030-01-01');;
INSERT INTO sch_test.salary(employee_id, amount, from_date, to_date) VALUES (60,	40000,	'1990-08-05',	'1991-08-05');;
INSERT INTO sch_test.salary(employee_id, amount, from_date, to_date) VALUES (61,	42085,	'1991-08-05',	'1992-08-04');;
INSERT INTO sch_test.salary(employee_id, amount, from_date, to_date) VALUES (62,	42629,	'1992-08-04',	'1993-08-04');;
INSERT INTO sch_test.salary(employee_id, amount, from_date, to_date) VALUES (63,	45844,	'1993-08-04',	'1994-08-04');;
INSERT INTO sch_test.salary(employee_id, amount, from_date, to_date) VALUES (64,	47518,	'1994-08-04',	'1995-08-04');;
INSERT INTO sch_test.salary(employee_id, amount, from_date, to_date) VALUES (65,	47917,	'1995-08-04',	'1996-08-03');;
INSERT INTO sch_test.salary(employee_id, amount, from_date, to_date) VALUES (66,	52255,	'1996-08-03',	'1997-08-03');;
INSERT INTO sch_test.salary(employee_id, amount, from_date, to_date) VALUES (67,	53747,	'1997-08-03',	'1998-08-03');;
INSERT INTO sch_test.salary(employee_id, amount, from_date, to_date) VALUES (68,	56032,	'1998-08-03',	'1999-08-03');;
INSERT INTO sch_test.salary(employee_id, amount, from_date, to_date) VALUES (69,	58299,	'1999-08-03',	'2000-08-02');;
INSERT INTO sch_test.salary(employee_id, amount, from_date, to_date) VALUES (70,	60098,	'2000-08-02',	'2001-08-02');;
INSERT INTO sch_test.salary(employee_id, amount, from_date, to_date) VALUES (71,	59755,	'2001-08-02',	'2030-01-01');;
INSERT INTO sch_test.salary(employee_id, amount, from_date, to_date) VALUES (72,	56724,	'1989-02-10',	'1990-02-10');;
INSERT INTO sch_test.salary(employee_id, amount, from_date, to_date) VALUES (73,	60740,	'1990-02-10',	'1991-02-10');;
INSERT INTO sch_test.salary(employee_id, amount, from_date, to_date) VALUES (74,	62745,	'1991-02-10',	'1992-02-10');;
INSERT INTO sch_test.salary(employee_id, amount, from_date, to_date) VALUES (75,	63475,	'1992-02-10',	'1993-02-09');;
INSERT INTO sch_test.salary(employee_id, amount, from_date, to_date) VALUES (76,	63208,	'1993-02-09',	'1994-02-09');;
INSERT INTO sch_test.salary(employee_id, amount, from_date, to_date) VALUES (77,	64563,	'1994-02-09',	'1995-02-09');;
INSERT INTO sch_test.salary(employee_id, amount, from_date, to_date) VALUES (78,	68833,	'1995-02-09',	'1996-02-09');;
INSERT INTO sch_test.salary(employee_id, amount, from_date, to_date) VALUES (79,	70220,	'1996-02-09',	'1997-02-08');;
INSERT INTO sch_test.salary(employee_id, amount, from_date, to_date) VALUES (80,	73362,	'1997-02-08',	'1998-02-08');;
INSERT INTO sch_test.salary(employee_id, amount, from_date, to_date) VALUES (81,	75582,	'1998-02-08',	'1999-02-08');;
INSERT INTO sch_test.salary(employee_id, amount, from_date, to_date) VALUES (82,	79513,	'1999-02-08',	'2000-02-08');;
INSERT INTO sch_test.salary(employee_id, amount, from_date, to_date) VALUES (83,	80083,	'2000-02-08',	'2001-02-07');;
INSERT INTO sch_test.salary(employee_id, amount, from_date, to_date) VALUES (84,	84456,	'2001-02-07',	'2002-02-07');;
INSERT INTO sch_test.salary(employee_id, amount, from_date, to_date) VALUES (85,	88070,	'2002-02-07',	'2030-01-01');;
INSERT INTO sch_test.salary(employee_id, amount, from_date, to_date) VALUES (86,	46671,	'1998-03-11',	'1999-03-11');;
INSERT INTO sch_test.salary(employee_id, amount, from_date, to_date) VALUES (87,	48584,	'1999-03-11',	'2000-03-10');;
INSERT INTO sch_test.salary(employee_id, amount, from_date, to_date) VALUES (88,	52668,	'2000-03-10',	'2000-07-31');;
INSERT INTO sch_test.salary(employee_id, amount, from_date, to_date) VALUES (89,	60929,	'1985-02-18',	'1986-02-18');;
INSERT INTO sch_test.salary(employee_id, amount, from_date, to_date) VALUES (90,	64604,	'1986-02-18',	'1987-02-18');;
INSERT INTO sch_test.salary(employee_id, amount, from_date, to_date) VALUES (91,	64780,	'1987-02-18',	'1988-02-18');;
INSERT INTO sch_test.salary(employee_id, amount, from_date, to_date) VALUES (92,	66302,	'1988-02-18',	'1989-02-17');;
INSERT INTO sch_test.salary(employee_id, amount, from_date, to_date) VALUES (93,	69042,	'1989-02-17',	'1990-02-17');;
INSERT INTO sch_test.salary(employee_id, amount, from_date, to_date) VALUES (94,	70889,	'1990-02-17',	'1991-02-17');;
INSERT INTO sch_test.salary(employee_id, amount, from_date, to_date) VALUES (95,	71434,	'1991-02-17',	'1992-02-17');;
INSERT INTO sch_test.salary(employee_id, amount, from_date, to_date) VALUES (96,	74612,	'1992-02-17',	'1993-02-16');;
INSERT INTO sch_test.salary(employee_id, amount, from_date, to_date) VALUES (97,	76518,	'1993-02-16',	'1994-02-16');;
INSERT INTO sch_test.salary(employee_id, amount, from_date, to_date) VALUES (98,	78335,	'1994-02-16',	'1995-02-16');;
INSERT INTO sch_test.salary(employee_id, amount, from_date, to_date) VALUES (99,	80944,	'1995-02-16',	'1996-02-16');;
INSERT INTO sch_test.salary(employee_id, amount, from_date, to_date) VALUES (100,	82507,	'1996-02-16',	'1997-02-15');;







INSERT INTO sch_test.title(employee_id, title, from_date, to_date) VALUES (1,	    	'Senior Engineer',	    '1986-06-26',	'2030-01-01');;
INSERT INTO sch_test.title(employee_id, title, from_date, to_date) VALUES (2,	    	'Staff',	            '1996-08-03',	'2030-01-01');;
INSERT INTO sch_test.title(employee_id, title, from_date, to_date) VALUES (3,	    	'Senior Engineer',	    '1995-12-03',	'2030-01-01');;
INSERT INTO sch_test.title(employee_id, title, from_date, to_date) VALUES (4,	    	'Engineer',	            '1986-12-01',	'1995-12-01');;
INSERT INTO sch_test.title(employee_id, title, from_date, to_date) VALUES (5,	    	'Senior Engineer',	    '1995-12-01',	'2030-01-01');;
INSERT INTO sch_test.title(employee_id, title, from_date, to_date) VALUES (6,	    	'Senior Staff',	        '1996-09-12',	'2030-01-01');;
INSERT INTO sch_test.title(employee_id, title, from_date, to_date) VALUES (7,	    	'Staff',	            '1989-09-12',	'1996-09-12');;
INSERT INTO sch_test.title(employee_id, title, from_date, to_date) VALUES (8,	    	'Senior Engineer',	    '1990-08-05',	'2030-01-01');;
INSERT INTO sch_test.title(employee_id, title, from_date, to_date) VALUES (9,	    	'Senior Staff',	        '1996-02-11',	'2030-01-01');;
INSERT INTO sch_test.title(employee_id, title, from_date, to_date) VALUES (10,  	'Staff',	            '1989-02-10',	'1996-02-11');;
INSERT INTO sch_test.title(employee_id, title, from_date, to_date) VALUES (11,  	'Assistant Engineer',	'1998-03-11',	'2000-07-31');;
INSERT INTO sch_test.title(employee_id, title, from_date, to_date) VALUES (12,  	'Assistant Engineer',	'1985-02-18',	'1990-02-18');;
INSERT INTO sch_test.title(employee_id, title, from_date, to_date) VALUES (13,  	'Engineer',	            '1990-02-18',	'1995-02-18');;
INSERT INTO sch_test.title(employee_id, title, from_date, to_date) VALUES (14,  	'Senior Engineer',	    '1995-02-18',	'2030-01-01');;
INSERT INTO sch_test.title(employee_id, title, from_date, to_date) VALUES (15,  	'Engineer',	            '1996-11-24',	'2030-01-01');;
INSERT INTO sch_test.title(employee_id, title, from_date, to_date) VALUES (16,  	'Staff',	            '1990-01-22',	'1996-11-09');;
INSERT INTO sch_test.title(employee_id, title, from_date, to_date) VALUES (17,  	'Engineer',	            '1992-12-18',	'2000-12-18');;
INSERT INTO sch_test.title(employee_id, title, from_date, to_date) VALUES (18,  	'Senior Engineer',	    '2000-12-18',	'2030-01-01');;
INSERT INTO sch_test.title(employee_id, title, from_date, to_date) VALUES (19,  	'Senior Staff',	        '1985-10-20',	'2030-01-01');;
INSERT INTO sch_test.title(employee_id, title, from_date, to_date) VALUES (20,  	'Engineer',	            '1993-12-29',	'2030-01-01');;
INSERT INTO sch_test.title(employee_id, title, from_date, to_date) VALUES (21,  	'Senior Staff',	        '1992-09-19',	'1993-08-22');;
INSERT INTO sch_test.title(employee_id, title, from_date, to_date) VALUES (22,  	'Staff',	            '1998-02-11',	'2030-01-01');;
INSERT INTO sch_test.title(employee_id, title, from_date, to_date) VALUES (23,  	'Senior Staff',	        '2000-08-03',	'2030-01-01');;
INSERT INTO sch_test.title(employee_id, title, from_date, to_date) VALUES (24,  	'Staff',	            '1993-08-03',	'2000-08-03');;
INSERT INTO sch_test.title(employee_id, title, from_date, to_date) VALUES (25,  	'Engineer',	            '1987-04-03',	'1995-04-03');;
INSERT INTO sch_test.title(employee_id, title, from_date, to_date) VALUES (26,  	'Senior Engineer',	    '1995-04-03',	'2030-01-01');;
INSERT INTO sch_test.title(employee_id, title, from_date, to_date) VALUES (27,  	'Staff',	            '1999-04-30',	'2030-01-01');;
INSERT INTO sch_test.title(employee_id, title, from_date, to_date) VALUES (28,  	'Engineer',         	'1997-12-30',	'2030-01-01');;
INSERT INTO sch_test.title(employee_id, title, from_date, to_date) VALUES (29,  	'Technique Leader',	    '1988-02-10',	'2002-07-15');;
INSERT INTO sch_test.title(employee_id, title, from_date, to_date) VALUES (30,  	'Engineer',	            '1999-09-03',	'2030-01-01');;
INSERT INTO sch_test.title(employee_id, title, from_date, to_date) VALUES (31,  	'Engineer',	            '1999-09-27',	'2030-01-01');;
INSERT INTO sch_test.title(employee_id, title, from_date, to_date) VALUES (32,  	'Assistant Engineer',	'1998-06-14',	'2030-01-01');;
INSERT INTO sch_test.title(employee_id, title, from_date, to_date) VALUES (33,  	'Technique Leader',	    '1987-08-17',	'1997-10-15');;
INSERT INTO sch_test.title(employee_id, title, from_date, to_date) VALUES (34,  	'Engineer',	            '1995-03-20',	'2001-03-19');;
INSERT INTO sch_test.title(employee_id, title, from_date, to_date) VALUES (35,  	'Senior Engineer',	    '2001-03-19',	'2030-01-01');;
INSERT INTO sch_test.title(employee_id, title, from_date, to_date) VALUES (36,  	'Engineer',	            '1995-04-02',	'2001-04-01');;
INSERT INTO sch_test.title(employee_id, title, from_date, to_date) VALUES (37,  	'Senior Engineer',	    '2001-04-01',	'2030-01-01');;
INSERT INTO sch_test.title(employee_id, title, from_date, to_date) VALUES (38,  	'Engineer',	            '1991-10-22',	'1998-04-06');;
INSERT INTO sch_test.title(employee_id, title, from_date, to_date) VALUES (39,  	'Engineer',	            '1991-09-18',	'2000-09-17');;
INSERT INTO sch_test.title(employee_id, title, from_date, to_date) VALUES (40,  	'Senior Engineer',	    '2000-09-17',	'2030-01-01');;
INSERT INTO sch_test.title(employee_id, title, from_date, to_date) VALUES (41,  	'Engineer',	            '1994-02-17',	'2001-02-17');;
INSERT INTO sch_test.title(employee_id, title, from_date, to_date) VALUES (42,  	'Senior Engineer',	    '2001-02-17',	'2030-01-01');;
INSERT INTO sch_test.title(employee_id, title, from_date, to_date) VALUES (43,  	'Engineer',	            '1991-09-01',	'1998-09-01');;
INSERT INTO sch_test.title(employee_id, title, from_date, to_date) VALUES (44,  	'Senior Engineer',	    '1998-09-01',	'2030-01-01');;
INSERT INTO sch_test.title(employee_id, title, from_date, to_date) VALUES (45,  	'Engineer',	            '1990-06-20',	'1995-06-20');;
INSERT INTO sch_test.title(employee_id, title, from_date, to_date) VALUES (46,  	'Senior Engineer',	    '1995-06-20',	'2030-01-01');;
INSERT INTO sch_test.title(employee_id, title, from_date, to_date) VALUES (47,  	'Technique Leader',	    '1987-03-18',	'1993-03-24');;
INSERT INTO sch_test.title(employee_id, title, from_date, to_date) VALUES (48,  	'Staff',	            '1995-04-12',	'1999-10-31');;
INSERT INTO sch_test.title(employee_id, title, from_date, to_date) VALUES (49,  	'Engineer',         	'1988-09-05',	'1996-09-05');;
INSERT INTO sch_test.title(employee_id, title, from_date, to_date) VALUES (50,  	'Senior Engineer',	    '1996-09-05',	'2030-01-01');;
INSERT INTO sch_test.title(employee_id, title, from_date, to_date) VALUES (51,  	'Senior Staff',	        '1992-04-28',	'2030-01-01');;
INSERT INTO sch_test.title(employee_id, title, from_date, to_date) VALUES (52,  	'Engineer',	            '1990-12-05',	'1995-12-05');;
INSERT INTO sch_test.title(employee_id, title, from_date, to_date) VALUES (53,  	'Senior Engineer',	    '1995-12-05',	'2030-01-01');;
INSERT INTO sch_test.title(employee_id, title, from_date, to_date) VALUES (54,  	'Senior Staff',	        '1996-09-20',	'2030-01-01');;
INSERT INTO sch_test.title(employee_id, title, from_date, to_date) VALUES (55,  	'Staff',	            '1989-09-20',	'1996-09-20');;
INSERT INTO sch_test.title(employee_id, title, from_date, to_date) VALUES (56,  	'Senior Staff',	        '1997-01-18',	'2030-01-01');;
INSERT INTO sch_test.title(employee_id, title, from_date, to_date) VALUES (57,  	'Staff',	            '1988-01-19',	'1997-01-18');;
INSERT INTO sch_test.title(employee_id, title, from_date, to_date) VALUES (58,  	'Engineer',	            '1993-02-14',	'1999-02-14');;
INSERT INTO sch_test.title(employee_id, title, from_date, to_date) VALUES (59,  	'Senior Engineer',	    '1999-02-14',	'2030-01-01');;
INSERT INTO sch_test.title(employee_id, title, from_date, to_date) VALUES (60,  	'Senior Staff',	        '1998-11-12',	'2030-01-01');;
INSERT INTO sch_test.title(employee_id, title, from_date, to_date) VALUES (61,  	'Staff',	            '1989-11-12',	'1998-11-12');;
INSERT INTO sch_test.title(employee_id, title, from_date, to_date) VALUES (62,  	'Senior Staff',	        '2000-03-21',	'2000-08-10');;
INSERT INTO sch_test.title(employee_id, title, from_date, to_date) VALUES (63,  	'Staff',	            '1993-03-21',	'2000-03-21');;
INSERT INTO sch_test.title(employee_id, title, from_date, to_date) VALUES (64,  	'Engineer',	            '1990-10-20',	'1997-10-20');;
INSERT INTO sch_test.title(employee_id, title, from_date, to_date) VALUES (65,  	'Senior Engineer',	    '1997-10-20',	'2030-01-01');;
INSERT INTO sch_test.title(employee_id, title, from_date, to_date) VALUES (66,  	'Technique Leader',	    '1994-05-21',	'2030-01-01');;
INSERT INTO sch_test.title(employee_id, title, from_date, to_date) VALUES (67,  	'Engineer',	            '1996-11-16',	'2030-01-01');;
INSERT INTO sch_test.title(employee_id, title, from_date, to_date) VALUES (68,  	'Senior Staff',	        '2000-06-20',	'2030-01-01');;
INSERT INTO sch_test.title(employee_id, title, from_date, to_date) VALUES (69,  	'Staff',	            '1992-06-20',	'2000-06-20');;
INSERT INTO sch_test.title(employee_id, title, from_date, to_date) VALUES (70,  	'Engineer',	            '1989-03-31',	'1998-03-31');;
INSERT INTO sch_test.title(employee_id, title, from_date, to_date) VALUES (71,  	'Senior Engineer',	    '1998-03-31',	'2030-01-01');;
INSERT INTO sch_test.title(employee_id, title, from_date, to_date) VALUES (72,  	'Engineer',	            '1985-02-24',	'1987-01-27');;
INSERT INTO sch_test.title(employee_id, title, from_date, to_date) VALUES (73,  	'Senior Staff',	        '2000-05-04',	'2030-01-01');;
INSERT INTO sch_test.title(employee_id, title, from_date, to_date) VALUES (74,  	'Staff',	            '1992-05-04',	'2000-05-04');;
INSERT INTO sch_test.title(employee_id, title, from_date, to_date) VALUES (75,  	'Senior Staff',	        '1999-12-25',	'2030-01-01');;
INSERT INTO sch_test.title(employee_id, title, from_date, to_date) VALUES (76,  	'Staff',	            '1990-12-25',	'1999-12-25');;
INSERT INTO sch_test.title(employee_id, title, from_date, to_date) VALUES (77,  	'Engineer',	            '1992-10-15',	'1998-10-15');;
INSERT INTO sch_test.title(employee_id, title, from_date, to_date) VALUES (78,  	'Senior Engineer',	    '1998-10-15',	'2030-01-01');;
INSERT INTO sch_test.title(employee_id, title, from_date, to_date) VALUES (79,  	'Senior Staff',	        '2002-01-31',	'2030-01-01');;
INSERT INTO sch_test.title(employee_id, title, from_date, to_date) VALUES (80,  	'Staff',	            '1997-01-31',	'2002-01-31');;
INSERT INTO sch_test.title(employee_id, title, from_date, to_date) VALUES (81,  	'Senior Staff',	        '1994-11-13',	'2030-01-01');;
INSERT INTO sch_test.title(employee_id, title, from_date, to_date) VALUES (82,  	'Senior Staff',	        '2000-07-28',	'2030-01-01');;
INSERT INTO sch_test.title(employee_id, title, from_date, to_date) VALUES (83,  	'Staff',	            '1995-07-29',	'2000-07-28');;
INSERT INTO sch_test.title(employee_id, title, from_date, to_date) VALUES (84,  	'Staff',	            '1992-04-27',	'1995-07-22');;
INSERT INTO sch_test.title(employee_id, title, from_date, to_date) VALUES (85,  	'Engineer',	            '1990-02-01',	'1999-02-01');;
INSERT INTO sch_test.title(employee_id, title, from_date, to_date) VALUES (86,  	'Senior Engineer',	    '1999-02-01',	'2030-01-01');;
INSERT INTO sch_test.title(employee_id, title, from_date, to_date) VALUES (87,  	'Engineer',	            '1992-01-15',	'2000-01-15');;
INSERT INTO sch_test.title(employee_id, title, from_date, to_date) VALUES (88,  	'Senior Engineer',	    '2000-01-15',	'2030-01-01');;
INSERT INTO sch_test.title(employee_id, title, from_date, to_date) VALUES (89,  	'Senior Staff',	        '1988-04-25',	'2030-01-01');;
INSERT INTO sch_test.title(employee_id, title, from_date, to_date) VALUES (90,  	'Senior Staff',	        '1991-06-26',	'2030-01-01');;
INSERT INTO sch_test.title(employee_id, title, from_date, to_date) VALUES (91,  	'Senior Staff',	        '1996-05-28',	'2030-01-01');;
INSERT INTO sch_test.title(employee_id, title, from_date, to_date) VALUES (92,  	'Staff',	            '1989-05-28',	'1996-05-28');;
INSERT INTO sch_test.title(employee_id, title, from_date, to_date) VALUES (93,  	'Senior Staff',	        '1989-12-02',	'2030-01-01');;
INSERT INTO sch_test.title(employee_id, title, from_date, to_date) VALUES (94,  	'Engineer',	            '1991-08-30',	'1999-08-30');;
INSERT INTO sch_test.title(employee_id, title, from_date, to_date) VALUES (95,  	'Senior Engineer',	    '1999-08-30',	'2030-01-01');;
INSERT INTO sch_test.title(employee_id, title, from_date, to_date) VALUES (96,  	'Senior Engineer',	    '1989-04-08',	'2030-01-01');;
INSERT INTO sch_test.title(employee_id, title, from_date, to_date) VALUES (97,  	'Staff',	            '1985-11-20',	'1992-03-02');;
INSERT INTO sch_test.title(employee_id, title, from_date, to_date) VALUES (98,  	'Engineer',	            '1998-05-24',	'2030-01-01');;
INSERT INTO sch_test.title(employee_id, title, from_date, to_date) VALUES (99,  	'Assistant Engineer',	'1986-02-26',	'1992-02-26');;
INSERT INTO sch_test.title(employee_id, title, from_date, to_date) VALUES (100, 	'Engineer',	            '1992-02-26',	'1998-02-25');;