INSERT INTO test.department (id, dept_name) VALUES ('d009', 'Customer Service')/
INSERT INTO test.department (id, dept_name) VALUES ('d005', 'Development')/
INSERT INTO test.department (id, dept_name) VALUES ('d002', 'Finance')/
INSERT INTO test.department (id, dept_name) VALUES ('d003', 'Human Resources')/
INSERT INTO test.department (id, dept_name) VALUES ('d001', 'Marketing')/
INSERT INTO test.department (id, dept_name) VALUES ('d004', 'Production')/
INSERT INTO test.department (id, dept_name) VALUES ('d006', 'Quality Management')/
INSERT INTO test.department (id, dept_name) VALUES ('d008', 'Research')/
INSERT INTO test.department (id, dept_name) VALUES ('d007', 'Sales')/



INSERT INTO test.employee(birth_date, first_name, last_name, gender, hire_date) VALUES (TO_DATE('1953-09-02', 'YYYY-MM-DD'), 'Georgi',	    'Facello',	    'M',	TO_DATE('1986-06-26', 'YYYY-MM-DD'))/
INSERT INTO test.employee(birth_date, first_name, last_name, gender, hire_date) VALUES (TO_DATE('1964-06-02', 'YYYY-MM-DD'), 'Bezalel',	'Simmel', 	    'F',	TO_DATE('1985-11-21', 'YYYY-MM-DD'))/
INSERT INTO test.employee(birth_date, first_name, last_name, gender, hire_date) VALUES (TO_DATE('1959-12-03', 'YYYY-MM-DD'), 'Parto',	    'Bamford',	    'M',	TO_DATE('1986-08-28', 'YYYY-MM-DD'))/
INSERT INTO test.employee(birth_date, first_name, last_name, gender, hire_date) VALUES (TO_DATE('1954-05-01', 'YYYY-MM-DD'), 'Chirstian',	'Koblick',	    'M',	TO_DATE('1986-12-01', 'YYYY-MM-DD'))/
INSERT INTO test.employee(birth_date, first_name, last_name, gender, hire_date) VALUES (TO_DATE('1955-01-21', 'YYYY-MM-DD'), 'Kyoichi',	'Maliniak',	    'M',	TO_DATE('1989-09-12', 'YYYY-MM-DD'))/
INSERT INTO test.employee(birth_date, first_name, last_name, gender, hire_date) VALUES (TO_DATE('1953-04-20', 'YYYY-MM-DD'), 'Anneke',  	'Preusig',	    'F',	TO_DATE('1989-06-02', 'YYYY-MM-DD'))/
INSERT INTO test.employee(birth_date, first_name, last_name, gender, hire_date) VALUES (TO_DATE('1957-05-23', 'YYYY-MM-DD'), 'Tzvetan', 	'Zielinski',	'F',	TO_DATE('1989-02-10', 'YYYY-MM-DD'))/
INSERT INTO test.employee(birth_date, first_name, last_name, gender, hire_date) VALUES (TO_DATE('1958-02-19', 'YYYY-MM-DD'), 'Saniya',  	'Kalloufi',	    'M',	TO_DATE('1994-09-15', 'YYYY-MM-DD'))/
INSERT INTO test.employee(birth_date, first_name, last_name, gender, hire_date) VALUES (TO_DATE('1952-04-19', 'YYYY-MM-DD'), 'Sumant',  	'Peac',	        'F',	TO_DATE('1985-02-18', 'YYYY-MM-DD'))/
INSERT INTO test.employee(birth_date, first_name, last_name, gender, hire_date) VALUES (TO_DATE('1963-06-01', 'YYYY-MM-DD'), 'Duangkaew',  'Piveteau',	    'F',	TO_DATE('1989-08-24', 'YYYY-MM-DD'))/
INSERT INTO test.employee(birth_date, first_name, last_name, gender, hire_date) VALUES (TO_DATE('1953-11-07', 'YYYY-MM-DD'), 'Mary',    	'Sluis',	    'F',	TO_DATE('1990-01-22', 'YYYY-MM-DD'))/
INSERT INTO test.employee(birth_date, first_name, last_name, gender, hire_date) VALUES (TO_DATE('1960-10-04', 'YYYY-MM-DD'), 'Patricio',	'Bridgland',	'M',	TO_DATE('1992-12-18', 'YYYY-MM-DD'))/
INSERT INTO test.employee(birth_date, first_name, last_name, gender, hire_date) VALUES (TO_DATE('1963-06-07', 'YYYY-MM-DD'), 'Eberhardt',	'Terkki',	    'M',	TO_DATE('1985-10-20', 'YYYY-MM-DD'))/
INSERT INTO test.employee(birth_date, first_name, last_name, gender, hire_date) VALUES (TO_DATE('1956-02-12', 'YYYY-MM-DD'), 'Berni',   	'Genin',	    'M',	TO_DATE('1987-03-11', 'YYYY-MM-DD'))/
INSERT INTO test.employee(birth_date, first_name, last_name, gender, hire_date) VALUES (TO_DATE('1959-08-19', 'YYYY-MM-DD'), 'Guoxiang',   'Nooteboom',	'M',	TO_DATE('1987-07-02', 'YYYY-MM-DD'))/
INSERT INTO test.employee(birth_date, first_name, last_name, gender, hire_date) VALUES (TO_DATE('1961-05-02', 'YYYY-MM-DD'), 'Kazuhito',	'Caelletti',    'M',	TO_DATE('1995-01-27', 'YYYY-MM-DD'))/
INSERT INTO test.employee(birth_date, first_name, last_name, gender, hire_date) VALUES (TO_DATE('1958-07-06', 'YYYY-MM-DD'), 'Cristinel',	'Bouloucos',	'F',	TO_DATE('1993-08-03', 'YYYY-MM-DD'))/
INSERT INTO test.employee(birth_date, first_name, last_name, gender, hire_date) VALUES (TO_DATE('1954-06-19', 'YYYY-MM-DD'), 'Kazuhide',	'Peha',         'F',	TO_DATE('1987-04-03', 'YYYY-MM-DD'))/
INSERT INTO test.employee(birth_date, first_name, last_name, gender, hire_date) VALUES (TO_DATE('1953-01-23', 'YYYY-MM-DD'), 'Lillian', 	'Haddadi',	    'M',	TO_DATE('1999-04-30', 'YYYY-MM-DD'))/
INSERT INTO test.employee(birth_date, first_name, last_name, gender, hire_date) VALUES (TO_DATE('1952-12-24', 'YYYY-MM-DD'), 'Mayuko',	    'Warwick',	    'M',	TO_DATE('1991-01-26', 'YYYY-MM-DD'))/
INSERT INTO test.employee(birth_date, first_name, last_name, gender, hire_date) VALUES (TO_DATE('1960-02-20', 'YYYY-MM-DD'), 'Ramzi',   	'Erde',	        'M',	TO_DATE('1988-02-10', 'YYYY-MM-DD'))/
INSERT INTO test.employee(birth_date, first_name, last_name, gender, hire_date) VALUES (TO_DATE('1952-07-08', 'YYYY-MM-DD'), 'Shahaf',  	'Famili',	    'M',	TO_DATE('1995-08-22', 'YYYY-MM-DD'))/
INSERT INTO test.employee(birth_date, first_name, last_name, gender, hire_date) VALUES (TO_DATE('1953-09-29', 'YYYY-MM-DD'), 'Bojan',   	'Montemayor',	'F',	TO_DATE('1989-12-17', 'YYYY-MM-DD'))/
INSERT INTO test.employee(birth_date, first_name, last_name, gender, hire_date) VALUES (TO_DATE('1958-09-05', 'YYYY-MM-DD'), 'Suzette',	'Pettey',	    'F',	TO_DATE('1997-05-19', 'YYYY-MM-DD'))/
INSERT INTO test.employee(birth_date, first_name, last_name, gender, hire_date) VALUES (TO_DATE('1958-10-31', 'YYYY-MM-DD'), 'Prasadram',	'Heyers',	    'M',	TO_DATE('1987-08-17', 'YYYY-MM-DD'))/
INSERT INTO test.employee(birth_date, first_name, last_name, gender, hire_date) VALUES (TO_DATE('1953-04-03', 'YYYY-MM-DD'), 'Yongqiao',	'Berztiss',	    'M',	TO_DATE('1995-03-20', 'YYYY-MM-DD'))/
INSERT INTO test.employee(birth_date, first_name, last_name, gender, hire_date) VALUES (TO_DATE('1962-07-10', 'YYYY-MM-DD'), 'Divier',	    'Reistad',	    'F',	TO_DATE('1989-07-07', 'YYYY-MM-DD'))/
INSERT INTO test.employee(birth_date, first_name, last_name, gender, hire_date) VALUES (TO_DATE('1963-11-26', 'YYYY-MM-DD'), 'Domenick',	'Tempesti',	    'M',	TO_DATE('1991-10-22', 'YYYY-MM-DD'))/
INSERT INTO test.employee(birth_date, first_name, last_name, gender, hire_date) VALUES (TO_DATE('1956-12-13', 'YYYY-MM-DD'), 'Otmar',	    'Herbst',	    'M',	TO_DATE('1985-11-20', 'YYYY-MM-DD'))/
INSERT INTO test.employee(birth_date, first_name, last_name, gender, hire_date) VALUES (TO_DATE('1958-07-14', 'YYYY-MM-DD'), 'Elvis',	    'Demeyer',	    'M',	TO_DATE('1994-02-17', 'YYYY-MM-DD'))/
INSERT INTO test.employee(birth_date, first_name, last_name, gender, hire_date) VALUES (TO_DATE('1959-01-27', 'YYYY-MM-DD'), 'Karsten',	'Joslin',	    'M',	TO_DATE('1991-09-01', 'YYYY-MM-DD'))/
INSERT INTO test.employee(birth_date, first_name, last_name, gender, hire_date) VALUES (TO_DATE('1960-08-09', 'YYYY-MM-DD'), 'Jeong',	    'Reistad',	    'F',	TO_DATE('1990-06-20', 'YYYY-MM-DD'))/
INSERT INTO test.employee(birth_date, first_name, last_name, gender, hire_date) VALUES (TO_DATE('1956-11-14', 'YYYY-MM-DD'), 'Arif',	    'Merlo',        'M',	TO_DATE('1987-03-18', 'YYYY-MM-DD'))/
INSERT INTO test.employee(birth_date, first_name, last_name, gender, hire_date) VALUES (TO_DATE('1962-12-29', 'YYYY-MM-DD'), 'Bader',	    'Swan',	        'M',	TO_DATE('1988-09-21', 'YYYY-MM-DD'))/
INSERT INTO test.employee(birth_date, first_name, last_name, gender, hire_date) VALUES (TO_DATE('1953-02-08', 'YYYY-MM-DD'), 'Alain',	    'Chappelet',	'M',	TO_DATE('1988-09-05', 'YYYY-MM-DD'))/
INSERT INTO test.employee(birth_date, first_name, last_name, gender, hire_date) VALUES (TO_DATE('1959-08-10', 'YYYY-MM-DD'), 'Adamantios',	'Portugali',	'M',	TO_DATE('1992-01-03', 'YYYY-MM-DD'))/
INSERT INTO test.employee(birth_date, first_name, last_name, gender, hire_date) VALUES (TO_DATE('1963-07-22', 'YYYY-MM-DD'), 'Pradeep',	'Makrucki',	    'M',	TO_DATE('1990-12-05', 'YYYY-MM-DD'))/
INSERT INTO test.employee(birth_date, first_name, last_name, gender, hire_date) VALUES (TO_DATE('1960-07-20', 'YYYY-MM-DD'), 'Huan',	    'Lortz',        'M',	TO_DATE('1989-09-20', 'YYYY-MM-DD'))/
INSERT INTO test.employee(birth_date, first_name, last_name, gender, hire_date) VALUES (TO_DATE('1959-10-01', 'YYYY-MM-DD'), 'Alejandro',	'Brender',	    'M',	TO_DATE('1988-01-19', 'YYYY-MM-DD'))/
INSERT INTO test.employee(birth_date, first_name, last_name, gender, hire_date) VALUES (TO_DATE('1959-09-13', 'YYYY-MM-DD'), 'Weiyi',	    'Meriste',	    'F',	TO_DATE('1993-02-14', 'YYYY-MM-DD'))/
INSERT INTO test.employee(birth_date, first_name, last_name, gender, hire_date) VALUES (TO_DATE('1959-08-27', 'YYYY-MM-DD'), 'Uri',       'Lenart',	    'F',	TO_DATE('1989-11-12', 'YYYY-MM-DD'))/
INSERT INTO test.employee(birth_date, first_name, last_name, gender, hire_date) VALUES (TO_DATE('1956-02-26', 'YYYY-MM-DD'), 'Magy',	    'Stamatiou',	'F',	TO_DATE('1993-03-21', 'YYYY-MM-DD'))/
INSERT INTO test.employee(birth_date, first_name, last_name, gender, hire_date) VALUES (TO_DATE('1960-09-19', 'YYYY-MM-DD'), 'Yishay',	    'Tzvieli',	    'M',	TO_DATE('1990-10-20', 'YYYY-MM-DD'))/
INSERT INTO test.employee(birth_date, first_name, last_name, gender, hire_date) VALUES (TO_DATE('1961-09-21', 'YYYY-MM-DD'), 'Mingsen',	'Casley',	    'F',	TO_DATE('1994-05-21', 'YYYY-MM-DD'))/
INSERT INTO test.employee(birth_date, first_name, last_name, gender, hire_date) VALUES (TO_DATE('1957-08-14', 'YYYY-MM-DD'), 'Moss',       'Shanbhogue',	'M',	TO_DATE('1989-09-02', 'YYYY-MM-DD'))/
INSERT INTO test.employee(birth_date, first_name, last_name, gender, hire_date) VALUES (TO_DATE('1960-07-23', 'YYYY-MM-DD'), 'Lucien',	    'Rosenbaum',	'M',	TO_DATE('1992-06-20', 'YYYY-MM-DD'))/
INSERT INTO test.employee(birth_date, first_name, last_name, gender, hire_date) VALUES (TO_DATE('1952-06-29', 'YYYY-MM-DD'), 'Zvonko',	    'Nyanchama',	'M',	TO_DATE('1989-03-31', 'YYYY-MM-DD'))/
INSERT INTO test.employee(birth_date, first_name, last_name, gender, hire_date) VALUES (TO_DATE('1963-07-11', 'YYYY-MM-DD'), 'Florian',	'Syrotiuk',	    'M',	TO_DATE('1985-02-24', 'YYYY-MM-DD'))/
INSERT INTO test.employee(birth_date, first_name, last_name, gender, hire_date) VALUES (TO_DATE('1961-04-24', 'YYYY-MM-DD'), 'Basil',	    'Tramer',	    'F',	TO_DATE('1992-05-04', 'YYYY-MM-DD'))/
INSERT INTO test.employee(birth_date, first_name, last_name, gender, hire_date) VALUES (TO_DATE('1958-05-21', 'YYYY-MM-DD'), 'Yinghua',	'Dredge',	    'M',	TO_DATE('1990-12-25', 'YYYY-MM-DD'))/
INSERT INTO test.employee(birth_date, first_name, last_name, gender, hire_date) VALUES (TO_DATE('1953-07-28', 'YYYY-MM-DD'), 'Hidefumi',	'Caine',	    'M',	TO_DATE('1992-10-15', 'YYYY-MM-DD'))/
INSERT INTO test.employee(birth_date, first_name, last_name, gender, hire_date) VALUES (TO_DATE('1961-02-26', 'YYYY-MM-DD'), 'Heping',	    'Nitsch',	    'M',	TO_DATE('1988-05-21', 'YYYY-MM-DD'))/
INSERT INTO test.employee(birth_date, first_name, last_name, gender, hire_date) VALUES (TO_DATE('1954-09-13', 'YYYY-MM-DD'), 'Sanjiv',	    'Zschoche',	    'F',	TO_DATE('1986-02-04', 'YYYY-MM-DD'))/
INSERT INTO test.employee(birth_date, first_name, last_name, gender, hire_date) VALUES (TO_DATE('1957-04-04', 'YYYY-MM-DD'), 'Mayumi',	    'Schueller',	'M',	TO_DATE('1995-03-13', 'YYYY-MM-DD'))/
INSERT INTO test.employee(birth_date, first_name, last_name, gender, hire_date) VALUES (TO_DATE('1956-06-06', 'YYYY-MM-DD'), 'Georgy',	    'Dredge',	    'M',	TO_DATE('1992-04-27', 'YYYY-MM-DD'))/
INSERT INTO test.employee(birth_date, first_name, last_name, gender, hire_date) VALUES (TO_DATE('1961-09-01', 'YYYY-MM-DD'), 'Brendon',    'Bernini',	    'F',	TO_DATE('1990-02-01', 'YYYY-MM-DD'))/
INSERT INTO test.employee(birth_date, first_name, last_name, gender, hire_date) VALUES (TO_DATE('1954-05-30', 'YYYY-MM-DD'), 'Ebbe',	    'Callaway',	    'F',	TO_DATE('1992-01-15', 'YYYY-MM-DD'))/
INSERT INTO test.employee(birth_date, first_name, last_name, gender, hire_date) VALUES (TO_DATE('1954-10-01', 'YYYY-MM-DD'), 'Berhard',	'McFarlin',	    'M',	TO_DATE('1987-04-13', 'YYYY-MM-DD'))/
INSERT INTO test.employee(birth_date, first_name, last_name, gender, hire_date) VALUES (TO_DATE('1953-09-19', 'YYYY-MM-DD'), 'Alejandro',	'McAlpine',	    'F',	TO_DATE('1991-06-26', 'YYYY-MM-DD'))/
INSERT INTO test.employee(birth_date, first_name, last_name, gender, hire_date) VALUES (TO_DATE('1961-10-15', 'YYYY-MM-DD'), 'Breannda',	'Billingsley',	'M',	TO_DATE('1987-11-02', 'YYYY-MM-DD'))/
INSERT INTO test.employee(birth_date, first_name, last_name, gender, hire_date) VALUES (TO_DATE('1962-10-19', 'YYYY-MM-DD'), 'Tse',        'Herber',	    'M',	TO_DATE('1985-09-17', 'YYYY-MM-DD'))/
INSERT INTO test.employee(birth_date, first_name, last_name, gender, hire_date) VALUES (TO_DATE('1961-11-02', 'YYYY-MM-DD'), 'Anoosh',	    'Peyn',	        'M',	TO_DATE('1991-08-30', 'YYYY-MM-DD'))/
INSERT INTO test.employee(birth_date, first_name, last_name, gender, hire_date) VALUES (TO_DATE('1952-08-06', 'YYYY-MM-DD'), 'Gino',	    'Leonhardt',	'F',	TO_DATE('1989-04-08', 'YYYY-MM-DD'))/
INSERT INTO test.employee(birth_date, first_name, last_name, gender, hire_date) VALUES (TO_DATE('1959-04-07', 'YYYY-MM-DD'), 'Udi',	    'Jansch',	    'M',	TO_DATE('1985-11-20', 'YYYY-MM-DD'))/
INSERT INTO test.employee(birth_date, first_name, last_name, gender, hire_date) VALUES (TO_DATE('1963-04-14', 'YYYY-MM-DD'), 'Satosi',	    'Awdeh',	    'M',	TO_DATE('1988-05-18', 'YYYY-MM-DD'))/
INSERT INTO test.employee(birth_date, first_name, last_name, gender, hire_date) VALUES (TO_DATE('1952-11-13', 'YYYY-MM-DD'), 'Kwee',	    'Schusler',	    'M',    TO_DATE('1986-02-26', 'YYYY-MM-DD'))/
INSERT INTO test.employee(birth_date, first_name, last_name, gender, hire_date) VALUES (TO_DATE('1953-01-07', 'YYYY-MM-DD'), 'Claudi',	    'Stavenow',	    'M',    TO_DATE('1987-03-04', 'YYYY-MM-DD'))/
INSERT INTO test.employee(birth_date, first_name, last_name, gender, hire_date) VALUES (TO_DATE('1962-11-26', 'YYYY-MM-DD'), 'Charlene',	'Brattka',	    'M',	TO_DATE('1987-08-07', 'YYYY-MM-DD'))/
INSERT INTO test.employee(birth_date, first_name, last_name, gender, hire_date) VALUES (TO_DATE('1960-09-06', 'YYYY-MM-DD'), 'Margareta',	'Bierman',	    'F',	TO_DATE('1989-11-05', 'YYYY-MM-DD'))/
INSERT INTO test.employee(birth_date, first_name, last_name, gender, hire_date) VALUES (TO_DATE('1955-08-20', 'YYYY-MM-DD'), 'Reuven',	    'Garigliano',	'M',	TO_DATE('1985-10-14', 'YYYY-MM-DD'))/
INSERT INTO test.employee(birth_date, first_name, last_name, gender, hire_date) VALUES (TO_DATE('1958-01-21', 'YYYY-MM-DD'), 'Hisao',	    'Lipner',	    'M',	TO_DATE('1987-10-01', 'YYYY-MM-DD'))/
INSERT INTO test.employee(birth_date, first_name, last_name, gender, hire_date) VALUES (TO_DATE('1952-05-15', 'YYYY-MM-DD'), 'Hironoby',	'Sidou',	    'F',	TO_DATE('1988-07-21', 'YYYY-MM-DD'))/
INSERT INTO test.employee(birth_date, first_name, last_name, gender, hire_date) VALUES (TO_DATE('1954-02-23', 'YYYY-MM-DD'), 'Shir',	    'McClurg',	    'M',	TO_DATE('1991-12-01', 'YYYY-MM-DD'))/
INSERT INTO test.employee(birth_date, first_name, last_name, gender, hire_date) VALUES (TO_DATE('1955-08-28', 'YYYY-MM-DD'), 'Mokhtar',	'Bernatsky',	'F',	TO_DATE('1990-08-13', 'YYYY-MM-DD'))/
INSERT INTO test.employee(birth_date, first_name, last_name, gender, hire_date) VALUES (TO_DATE('1960-03-09', 'YYYY-MM-DD'), 'Gao',	     'Dolinsky',	'F',	TO_DATE('1987-03-19', 'YYYY-MM-DD'))/
INSERT INTO test.employee(birth_date, first_name, last_name, gender, hire_date) VALUES (TO_DATE('1952-06-13', 'YYYY-MM-DD'), 'Erez',	    'Ritzmann',	    'F',	TO_DATE('1985-07-09', 'YYYY-MM-DD'))/
INSERT INTO test.employee(birth_date, first_name, last_name, gender, hire_date) VALUES (TO_DATE('1964-04-18', 'YYYY-MM-DD'), 'Mona',	    'Azuma',	    'M',	TO_DATE('1990-03-02', 'YYYY-MM-DD'))/
INSERT INTO test.employee(birth_date, first_name, last_name, gender, hire_date) VALUES (TO_DATE('1959-12-25', 'YYYY-MM-DD'), 'Danel',	    'Mondadori',	'F',	TO_DATE('1987-05-26', 'YYYY-MM-DD'))/
INSERT INTO test.employee(birth_date, first_name, last_name, gender, hire_date) VALUES (TO_DATE('1961-10-05', 'YYYY-MM-DD'), 'Kshitij',	'Gils',	        'F',	TO_DATE('1986-03-27', 'YYYY-MM-DD'))/
INSERT INTO test.employee(birth_date, first_name, last_name, gender, hire_date) VALUES (TO_DATE('1957-12-03', 'YYYY-MM-DD'), 'Premal',	    'Baek',	        'M',	TO_DATE('1985-11-19', 'YYYY-MM-DD'))/
INSERT INTO test.employee(birth_date, first_name, last_name, gender, hire_date) VALUES (TO_DATE('1960-12-17', 'YYYY-MM-DD'), 'Zhongwei',	'Rosen',	    'M',	TO_DATE('1986-10-30', 'YYYY-MM-DD'))/
INSERT INTO test.employee(birth_date, first_name, last_name, gender, hire_date) VALUES (TO_DATE('1963-09-09', 'YYYY-MM-DD'), 'Parviz',	    'Lortz',	    'M',	TO_DATE('1990-01-03', 'YYYY-MM-DD'))/
INSERT INTO test.employee(birth_date, first_name, last_name, gender, hire_date) VALUES (TO_DATE('1959-07-23', 'YYYY-MM-DD'), 'Vishv',	    'Zockler',	    'M',	TO_DATE('1987-03-31', 'YYYY-MM-DD'))/
INSERT INTO test.employee(birth_date, first_name, last_name, gender, hire_date) VALUES (TO_DATE('1960-05-25', 'YYYY-MM-DD'), 'Tuval',	    'Kalloufi',	    'M',	TO_DATE('1995-12-15', 'YYYY-MM-DD'))/
INSERT INTO test.employee(birth_date, first_name, last_name, gender, hire_date) VALUES (TO_DATE('1962-11-07', 'YYYY-MM-DD'), 'Kenroku',	'Malabarba',	'M',	TO_DATE('1994-04-09', 'YYYY-MM-DD'))/
INSERT INTO test.employee(birth_date, first_name, last_name, gender, hire_date) VALUES (TO_DATE('1962-11-19', 'YYYY-MM-DD'), 'Somnath',	'Foote',	    'M',	TO_DATE('1990-02-16', 'YYYY-MM-DD'))/
INSERT INTO test.employee(birth_date, first_name, last_name, gender, hire_date) VALUES (TO_DATE('1959-07-23', 'YYYY-MM-DD'), 'Xinglin',	'Eugenio',	    'F',	TO_DATE('1986-09-08', 'YYYY-MM-DD'))/
INSERT INTO test.employee(birth_date, first_name, last_name, gender, hire_date) VALUES (TO_DATE('1954-02-25', 'YYYY-MM-DD'), 'Jungsoon',	'Syrzycki',	    'F',	TO_DATE('1988-09-02', 'YYYY-MM-DD'))/
INSERT INTO test.employee(birth_date, first_name, last_name, gender, hire_date) VALUES (TO_DATE('1963-03-21', 'YYYY-MM-DD'), 'Sudharsan',	'Flasterstein',	'F',	TO_DATE('1986-08-12', 'YYYY-MM-DD'))/
INSERT INTO test.employee(birth_date, first_name, last_name, gender, hire_date) VALUES (TO_DATE('1961-05-30', 'YYYY-MM-DD'), 'Kendra',	    'Hofting',	    'M',	TO_DATE('1986-03-14', 'YYYY-MM-DD'))/
INSERT INTO test.employee(birth_date, first_name, last_name, gender, hire_date) VALUES (TO_DATE('1955-10-04', 'YYYY-MM-DD'), 'Amabile',	'Gomatam',	    'M',	TO_DATE('1992-11-18', 'YYYY-MM-DD'))/
INSERT INTO test.employee(birth_date, first_name, last_name, gender, hire_date) VALUES (TO_DATE('1964-10-18', 'YYYY-MM-DD'), 'Valdiodio',	'Niizuma',	    'F',	TO_DATE('1989-09-22', 'YYYY-MM-DD'))/
INSERT INTO test.employee(birth_date, first_name, last_name, gender, hire_date) VALUES (TO_DATE('1964-06-11', 'YYYY-MM-DD'), 'Sailaja',	'Desikan',	    'M',	TO_DATE('1996-11-05', 'YYYY-MM-DD'))/
INSERT INTO test.employee(birth_date, first_name, last_name, gender, hire_date) VALUES (TO_DATE('1957-05-25', 'YYYY-MM-DD'), 'Arumugam',	'Ossenbruggen',	'F',	TO_DATE('1987-04-18', 'YYYY-MM-DD'))/
INSERT INTO test.employee(birth_date, first_name, last_name, gender, hire_date) VALUES (TO_DATE('1965-01-03', 'YYYY-MM-DD'), 'Hilari',	    'Morton',	    'M',	TO_DATE('1986-07-15', 'YYYY-MM-DD'))/
INSERT INTO test.employee(birth_date, first_name, last_name, gender, hire_date) VALUES (TO_DATE('1954-09-16', 'YYYY-MM-DD'), 'Jayson',	    'Mandell',	    'M',	TO_DATE('1990-01-14', 'YYYY-MM-DD'))/
INSERT INTO test.employee(birth_date, first_name, last_name, gender, hire_date) VALUES (TO_DATE('1952-02-27', 'YYYY-MM-DD'), 'Remzi',	    'Waschkowski',	'M',	TO_DATE('1990-09-15', 'YYYY-MM-DD'))/
INSERT INTO test.employee(birth_date, first_name, last_name, gender, hire_date) VALUES (TO_DATE('1961-09-23', 'YYYY-MM-DD'), 'Sreekrishna','Servieres',	'F',	TO_DATE('1985-05-13', 'YYYY-MM-DD'))/
INSERT INTO test.employee(birth_date, first_name, last_name, gender, hire_date) VALUES (TO_DATE('1956-05-25', 'YYYY-MM-DD'), 'Valter',	    'Sullins',	    'F',	TO_DATE('1988-10-18', 'YYYY-MM-DD'))/
INSERT INTO test.employee(birth_date, first_name, last_name, gender, hire_date) VALUES (TO_DATE('1953-04-21', 'YYYY-MM-DD'), 'Hironobu',	'Haraldson',	'F',	TO_DATE('1987-09-21', 'YYYY-MM-DD'))/



INSERT INTO test.department_employee(employee_id, department_id, from_date, to_date) VALUES (1,	    'd005',	TO_DATE('1986-06-26', 'YYYY-MM-DD'),	TO_DATE('2030-01-01', 'YYYY-MM-DD'))/
INSERT INTO test.department_employee(employee_id, department_id, from_date, to_date) VALUES (2,	    'd007',	TO_DATE('1996-08-03', 'YYYY-MM-DD'),	TO_DATE('2030-01-01', 'YYYY-MM-DD'))/
INSERT INTO test.department_employee(employee_id, department_id, from_date, to_date) VALUES (3,	    'd004',	TO_DATE('1995-12-03', 'YYYY-MM-DD'),	TO_DATE('2030-01-01', 'YYYY-MM-DD'))/
INSERT INTO test.department_employee(employee_id, department_id, from_date, to_date) VALUES (4,	    'd004',	TO_DATE('1986-12-01', 'YYYY-MM-DD'),	TO_DATE('2030-01-01', 'YYYY-MM-DD'))/
INSERT INTO test.department_employee(employee_id, department_id, from_date, to_date) VALUES (5,	    'd003',	TO_DATE('1989-09-12', 'YYYY-MM-DD'),	TO_DATE('2030-01-01', 'YYYY-MM-DD'))/
INSERT INTO test.department_employee(employee_id, department_id, from_date, to_date) VALUES (6,	    'd005',	TO_DATE('1990-08-05', 'YYYY-MM-DD'),	TO_DATE('2030-01-01', 'YYYY-MM-DD'))/
INSERT INTO test.department_employee(employee_id, department_id, from_date, to_date) VALUES (7,	    'd008',	TO_DATE('1989-02-10', 'YYYY-MM-DD'),	TO_DATE('2030-01-01', 'YYYY-MM-DD'))/
INSERT INTO test.department_employee(employee_id, department_id, from_date, to_date) VALUES (8,	    'd005',	TO_DATE('1998-03-11', 'YYYY-MM-DD'),	TO_DATE('2030-07-31', 'YYYY-MM-DD'))/
INSERT INTO test.department_employee(employee_id, department_id, from_date, to_date) VALUES (9,	    'd006',	TO_DATE('1985-02-18', 'YYYY-MM-DD'),	TO_DATE('2030-01-01', 'YYYY-MM-DD'))/
INSERT INTO test.department_employee(employee_id, department_id, from_date, to_date) VALUES (10,	'd004',	TO_DATE('1996-11-24', 'YYYY-MM-DD'),	TO_DATE('2030-06-26', 'YYYY-MM-DD'))/
INSERT INTO test.department_employee(employee_id, department_id, from_date, to_date) VALUES (11,	'd006',	TO_DATE('2000-06-26', 'YYYY-MM-DD'),	TO_DATE('2030-01-01', 'YYYY-MM-DD'))/
INSERT INTO test.department_employee(employee_id, department_id, from_date, to_date) VALUES (12,	'd009',	TO_DATE('1990-01-22', 'YYYY-MM-DD'),	TO_DATE('2030-11-09', 'YYYY-MM-DD'))/
INSERT INTO test.department_employee(employee_id, department_id, from_date, to_date) VALUES (13,	'd005',	TO_DATE('1992-12-18', 'YYYY-MM-DD'),	TO_DATE('2030-01-01', 'YYYY-MM-DD'))/
INSERT INTO test.department_employee(employee_id, department_id, from_date, to_date) VALUES (14,	'd003',	TO_DATE('1985-10-20', 'YYYY-MM-DD'),	TO_DATE('2030-01-01', 'YYYY-MM-DD'))/
INSERT INTO test.department_employee(employee_id, department_id, from_date, to_date) VALUES (15,	'd005',	TO_DATE('1993-12-29', 'YYYY-MM-DD'),	TO_DATE('2030-01-01', 'YYYY-MM-DD'))/
INSERT INTO test.department_employee(employee_id, department_id, from_date, to_date) VALUES (16,	'd008',	TO_DATE('1992-09-19', 'YYYY-MM-DD'),	TO_DATE('2030-08-22', 'YYYY-MM-DD'))/
INSERT INTO test.department_employee(employee_id, department_id, from_date, to_date) VALUES (17,	'd007',	TO_DATE('1998-02-11', 'YYYY-MM-DD'),	TO_DATE('2030-01-01', 'YYYY-MM-DD'))/
INSERT INTO test.department_employee(employee_id, department_id, from_date, to_date) VALUES (18,	'd001',	TO_DATE('1993-08-03', 'YYYY-MM-DD'),	TO_DATE('2030-01-01', 'YYYY-MM-DD'))/
INSERT INTO test.department_employee(employee_id, department_id, from_date, to_date) VALUES (19,	'd004',	TO_DATE('1992-07-29', 'YYYY-MM-DD'),	TO_DATE('2030-01-01', 'YYYY-MM-DD'))/
INSERT INTO test.department_employee(employee_id, department_id, from_date, to_date) VALUES (20,	'd005',	TO_DATE('1987-04-03', 'YYYY-MM-DD'),	TO_DATE('2030-07-29', 'YYYY-MM-DD'))/
INSERT INTO test.department_employee(employee_id, department_id, from_date, to_date) VALUES (21,	'd008',	TO_DATE('1999-04-30', 'YYYY-MM-DD'),	TO_DATE('2030-01-01', 'YYYY-MM-DD'))/
INSERT INTO test.department_employee(employee_id, department_id, from_date, to_date) VALUES (22,	'd004',	TO_DATE('1997-12-30', 'YYYY-MM-DD'),	TO_DATE('2030-01-01', 'YYYY-MM-DD'))/
INSERT INTO test.department_employee(employee_id, department_id, from_date, to_date) VALUES (23,	'd005',	TO_DATE('1988-02-10', 'YYYY-MM-DD'),	TO_DATE('2030-07-15', 'YYYY-MM-DD'))/
INSERT INTO test.department_employee(employee_id, department_id, from_date, to_date) VALUES (24,	'd005',	TO_DATE('1999-09-03', 'YYYY-MM-DD'),	TO_DATE('2030-01-01', 'YYYY-MM-DD'))/
INSERT INTO test.department_employee(employee_id, department_id, from_date, to_date) VALUES (25,	'd005',	TO_DATE('1999-09-27', 'YYYY-MM-DD'),	TO_DATE('2030-01-01', 'YYYY-MM-DD'))/
INSERT INTO test.department_employee(employee_id, department_id, from_date, to_date) VALUES (26,	'd004',	TO_DATE('1998-06-14', 'YYYY-MM-DD'),	TO_DATE('2030-01-01', 'YYYY-MM-DD'))/
INSERT INTO test.department_employee(employee_id, department_id, from_date, to_date) VALUES (27,	'd005',	TO_DATE('1987-08-17', 'YYYY-MM-DD'),	TO_DATE('2030-10-15', 'YYYY-MM-DD'))/
INSERT INTO test.department_employee(employee_id, department_id, from_date, to_date) VALUES (28,	'd004',	TO_DATE('1995-03-20', 'YYYY-MM-DD'),	TO_DATE('2030-01-01', 'YYYY-MM-DD'))/
INSERT INTO test.department_employee(employee_id, department_id, from_date, to_date) VALUES (29,	'd005',	TO_DATE('1995-04-02', 'YYYY-MM-DD'),	TO_DATE('2030-01-01', 'YYYY-MM-DD'))/
INSERT INTO test.department_employee(employee_id, department_id, from_date, to_date) VALUES (30,	'd005',	TO_DATE('1991-10-22', 'YYYY-MM-DD'),	TO_DATE('2030-04-06', 'YYYY-MM-DD'))/
INSERT INTO test.department_employee(employee_id, department_id, from_date, to_date) VALUES (31,	'd004',	TO_DATE('1991-09-18', 'YYYY-MM-DD'),	TO_DATE('2030-07-08', 'YYYY-MM-DD'))/
INSERT INTO test.department_employee(employee_id, department_id, from_date, to_date) VALUES (32,	'd006',	TO_DATE('1999-07-08', 'YYYY-MM-DD'),	TO_DATE('2030-01-01', 'YYYY-MM-DD'))/
INSERT INTO test.department_employee(employee_id, department_id, from_date, to_date) VALUES (33,	'd004',	TO_DATE('1994-02-17', 'YYYY-MM-DD'),	TO_DATE('2030-01-01', 'YYYY-MM-DD'))/
INSERT INTO test.department_employee(employee_id, department_id, from_date, to_date) VALUES (34,	'd005',	TO_DATE('1991-09-01', 'YYYY-MM-DD'),	TO_DATE('2030-01-01', 'YYYY-MM-DD'))/
INSERT INTO test.department_employee(employee_id, department_id, from_date, to_date) VALUES (35,	'd004',	TO_DATE('1990-06-20', 'YYYY-MM-DD'),	TO_DATE('2030-01-01', 'YYYY-MM-DD'))/
INSERT INTO test.department_employee(employee_id, department_id, from_date, to_date) VALUES (36,	'd006',	TO_DATE('1987-03-18', 'YYYY-MM-DD'),	TO_DATE('2030-03-24', 'YYYY-MM-DD'))/
INSERT INTO test.department_employee(employee_id, department_id, from_date, to_date) VALUES (37,	'd007',	TO_DATE('1995-04-12', 'YYYY-MM-DD'),	TO_DATE('2030-10-31', 'YYYY-MM-DD'))/
INSERT INTO test.department_employee(employee_id, department_id, from_date, to_date) VALUES (38,	'd004',	TO_DATE('1988-09-05', 'YYYY-MM-DD'),	TO_DATE('2030-01-01', 'YYYY-MM-DD'))/
INSERT INTO test.department_employee(employee_id, department_id, from_date, to_date) VALUES (39,	'd003',	TO_DATE('1992-04-28', 'YYYY-MM-DD'),	TO_DATE('2030-01-01', 'YYYY-MM-DD'))/
INSERT INTO test.department_employee(employee_id, department_id, from_date, to_date) VALUES (40,	'd005',	TO_DATE('1990-12-05', 'YYYY-MM-DD'),	TO_DATE('2030-01-01', 'YYYY-MM-DD'))/
INSERT INTO test.department_employee(employee_id, department_id, from_date, to_date) VALUES (41,	'd009',	TO_DATE('1989-09-20', 'YYYY-MM-DD'),	TO_DATE('2030-01-01', 'YYYY-MM-DD'))/
INSERT INTO test.department_employee(employee_id, department_id, from_date, to_date) VALUES (42,	'd003',	TO_DATE('1988-01-19', 'YYYY-MM-DD'),	TO_DATE('2030-01-01', 'YYYY-MM-DD'))/
INSERT INTO test.department_employee(employee_id, department_id, from_date, to_date) VALUES (43,	'd005',	TO_DATE('1993-02-14', 'YYYY-MM-DD'),	TO_DATE('2030-01-22', 'YYYY-MM-DD'))/
INSERT INTO test.department_employee(employee_id, department_id, from_date, to_date) VALUES (44,	'd008',	TO_DATE('2002-01-22', 'YYYY-MM-DD'),	TO_DATE('2030-01-01', 'YYYY-MM-DD'))/
INSERT INTO test.department_employee(employee_id, department_id, from_date, to_date) VALUES (45,	'd007',	TO_DATE('1989-11-12', 'YYYY-MM-DD'),	TO_DATE('2030-01-01', 'YYYY-MM-DD'))/
INSERT INTO test.department_employee(employee_id, department_id, from_date, to_date) VALUES (46,	'd002',	TO_DATE('1993-03-21', 'YYYY-MM-DD'),	TO_DATE('2030-08-10', 'YYYY-MM-DD'))/
INSERT INTO test.department_employee(employee_id, department_id, from_date, to_date) VALUES (47,	'd005',	TO_DATE('1990-10-20', 'YYYY-MM-DD'),	TO_DATE('2030-01-01', 'YYYY-MM-DD'))/
INSERT INTO test.department_employee(employee_id, department_id, from_date, to_date) VALUES (48,	'd004',	TO_DATE('1994-05-21', 'YYYY-MM-DD'),	TO_DATE('2030-01-01', 'YYYY-MM-DD'))/
INSERT INTO test.department_employee(employee_id, department_id, from_date, to_date) VALUES (49,	'd004',	TO_DATE('1996-11-16', 'YYYY-MM-DD'),	TO_DATE('2030-01-01', 'YYYY-MM-DD'))/
INSERT INTO test.department_employee(employee_id, department_id, from_date, to_date) VALUES (50,	'd008',	TO_DATE('1992-06-20', 'YYYY-MM-DD'),	TO_DATE('2030-01-01', 'YYYY-MM-DD'))/
INSERT INTO test.department_employee(employee_id, department_id, from_date, to_date) VALUES (51,	'd004',	TO_DATE('1989-03-31', 'YYYY-MM-DD'),	TO_DATE('2030-01-01', 'YYYY-MM-DD'))/
INSERT INTO test.department_employee(employee_id, department_id, from_date, to_date) VALUES (52,	'd005',	TO_DATE('1985-02-24', 'YYYY-MM-DD'),	TO_DATE('2030-01-27', 'YYYY-MM-DD'))/
INSERT INTO test.department_employee(employee_id, department_id, from_date, to_date) VALUES (53,	'd009',	TO_DATE('1992-05-04', 'YYYY-MM-DD'),	TO_DATE('2030-01-01', 'YYYY-MM-DD'))/
INSERT INTO test.department_employee(employee_id, department_id, from_date, to_date) VALUES (54,	'd002',	TO_DATE('1990-12-25', 'YYYY-MM-DD'),	TO_DATE('2030-11-05', 'YYYY-MM-DD'))/
INSERT INTO test.department_employee(employee_id, department_id, from_date, to_date) VALUES (55,	'd007',	TO_DATE('1992-11-05', 'YYYY-MM-DD'),	TO_DATE('2030-01-01', 'YYYY-MM-DD'))/
INSERT INTO test.department_employee(employee_id, department_id, from_date, to_date) VALUES (56,	'd004',	TO_DATE('1992-10-15', 'YYYY-MM-DD'),	TO_DATE('2030-01-01', 'YYYY-MM-DD'))/
INSERT INTO test.department_employee(employee_id, department_id, from_date, to_date) VALUES (57,	'd008',	TO_DATE('1997-01-31', 'YYYY-MM-DD'),	TO_DATE('2030-01-01', 'YYYY-MM-DD'))/
INSERT INTO test.department_employee(employee_id, department_id, from_date, to_date) VALUES (58,	'd007',	TO_DATE('1994-11-13', 'YYYY-MM-DD'),	TO_DATE('2030-01-01', 'YYYY-MM-DD'))/
INSERT INTO test.department_employee(employee_id, department_id, from_date, to_date) VALUES (59,	'd003',	TO_DATE('1995-07-29', 'YYYY-MM-DD'),	TO_DATE('2030-01-01', 'YYYY-MM-DD'))/
INSERT INTO test.department_employee(employee_id, department_id, from_date, to_date) VALUES (60,	'd001',	TO_DATE('1992-04-27', 'YYYY-MM-DD'),	TO_DATE('2030-07-22', 'YYYY-MM-DD'))/
INSERT INTO test.department_employee(employee_id, department_id, from_date, to_date) VALUES (61,	'd005',	TO_DATE('1990-02-01', 'YYYY-MM-DD'),	TO_DATE('2030-01-01', 'YYYY-MM-DD'))/
INSERT INTO test.department_employee(employee_id, department_id, from_date, to_date) VALUES (62,	'd005',	TO_DATE('1992-01-15', 'YYYY-MM-DD'),	TO_DATE('2030-01-01', 'YYYY-MM-DD'))/
INSERT INTO test.department_employee(employee_id, department_id, from_date, to_date) VALUES (63,	'd001',	TO_DATE('1988-04-25', 'YYYY-MM-DD'),	TO_DATE('2030-01-01', 'YYYY-MM-DD'))/
INSERT INTO test.department_employee(employee_id, department_id, from_date, to_date) VALUES (64,	'd002',	TO_DATE('1991-06-26', 'YYYY-MM-DD'),	TO_DATE('2030-01-01', 'YYYY-MM-DD'))/
INSERT INTO test.department_employee(employee_id, department_id, from_date, to_date) VALUES (65,	'd007',	TO_DATE('1989-05-28', 'YYYY-MM-DD'),	TO_DATE('2030-11-11', 'YYYY-MM-DD'))/
INSERT INTO test.department_employee(employee_id, department_id, from_date, to_date) VALUES (66,	'd009',	TO_DATE('1992-11-11', 'YYYY-MM-DD'),	TO_DATE('2030-01-01', 'YYYY-MM-DD'))/
INSERT INTO test.department_employee(employee_id, department_id, from_date, to_date) VALUES (67,	'd007',	TO_DATE('1989-12-02', 'YYYY-MM-DD'),	TO_DATE('2030-01-01', 'YYYY-MM-DD'))/
INSERT INTO test.department_employee(employee_id, department_id, from_date, to_date) VALUES (68,	'd005',	TO_DATE('1991-08-30', 'YYYY-MM-DD'),	TO_DATE('2030-01-01', 'YYYY-MM-DD'))/
INSERT INTO test.department_employee(employee_id, department_id, from_date, to_date) VALUES (69,	'd004',	TO_DATE('1989-04-08', 'YYYY-MM-DD'),	TO_DATE('2030-01-01', 'YYYY-MM-DD'))/
INSERT INTO test.department_employee(employee_id, department_id, from_date, to_date) VALUES (70,	'd008',	TO_DATE('1985-11-20', 'YYYY-MM-DD'),	TO_DATE('2030-03-02', 'YYYY-MM-DD'))/
INSERT INTO test.department_employee(employee_id, department_id, from_date, to_date) VALUES (71,	'd005',	TO_DATE('1998-05-24', 'YYYY-MM-DD'),	TO_DATE('2030-01-01', 'YYYY-MM-DD'))/
INSERT INTO test.department_employee(employee_id, department_id, from_date, to_date) VALUES (72,	'd005',	TO_DATE('1986-02-26', 'YYYY-MM-DD'),	TO_DATE('2030-01-01', 'YYYY-MM-DD'))/
INSERT INTO test.department_employee(employee_id, department_id, from_date, to_date) VALUES (73,	'd006',	TO_DATE('1987-03-04', 'YYYY-MM-DD'),	TO_DATE('2030-01-01', 'YYYY-MM-DD'))/
INSERT INTO test.department_employee(employee_id, department_id, from_date, to_date) VALUES (74,	'd007',	TO_DATE('1987-08-07', 'YYYY-MM-DD'),	TO_DATE('2030-01-01', 'YYYY-MM-DD'))/
INSERT INTO test.department_employee(employee_id, department_id, from_date, to_date) VALUES (75,	'd004',	TO_DATE('1992-06-14', 'YYYY-MM-DD'),	TO_DATE('2030-01-01', 'YYYY-MM-DD'))/
INSERT INTO test.department_employee(employee_id, department_id, from_date, to_date) VALUES (76,	'd005',	TO_DATE('1985-10-14', 'YYYY-MM-DD'),	TO_DATE('2030-10-18', 'YYYY-MM-DD'))/
INSERT INTO test.department_employee(employee_id, department_id, from_date, to_date) VALUES (77,	'd008',	TO_DATE('1995-10-18', 'YYYY-MM-DD'),	TO_DATE('2030-01-01', 'YYYY-MM-DD'))/
INSERT INTO test.department_employee(employee_id, department_id, from_date, to_date) VALUES (78,	'd003',	TO_DATE('1995-08-05', 'YYYY-MM-DD'),	TO_DATE('2030-01-01', 'YYYY-MM-DD'))/
INSERT INTO test.department_employee(employee_id, department_id, from_date, to_date) VALUES (79,	'd005',	TO_DATE('1989-05-21', 'YYYY-MM-DD'),	TO_DATE('2030-01-01', 'YYYY-MM-DD'))/
INSERT INTO test.department_employee(employee_id, department_id, from_date, to_date) VALUES (80,	'd006',	TO_DATE('1998-02-02', 'YYYY-MM-DD'),	TO_DATE('2030-02-22', 'YYYY-MM-DD'))/
INSERT INTO test.department_employee(employee_id, department_id, from_date, to_date) VALUES (81,	'd005',	TO_DATE('1990-08-13', 'YYYY-MM-DD'),	TO_DATE('2030-01-01', 'YYYY-MM-DD'))/
INSERT INTO test.department_employee(employee_id, department_id, from_date, to_date) VALUES (82,	'd005',	TO_DATE('1988-05-17', 'YYYY-MM-DD'),	TO_DATE('2030-01-15', 'YYYY-MM-DD'))/
INSERT INTO test.department_employee(employee_id, department_id, from_date, to_date) VALUES (83,	'd005',	TO_DATE('1996-07-15', 'YYYY-MM-DD'),	TO_DATE('2030-01-01', 'YYYY-MM-DD'))/
INSERT INTO test.department_employee(employee_id, department_id, from_date, to_date) VALUES (84,	'd003',	TO_DATE('1994-12-23', 'YYYY-MM-DD'),	TO_DATE('2030-01-01', 'YYYY-MM-DD'))/
INSERT INTO test.department_employee(employee_id, department_id, from_date, to_date) VALUES (85,	'd005',	TO_DATE('1994-09-29', 'YYYY-MM-DD'),	TO_DATE('2030-01-01', 'YYYY-MM-DD'))/
INSERT INTO test.department_employee(employee_id, department_id, from_date, to_date) VALUES (86,	'd005',	TO_DATE('1995-12-13', 'YYYY-MM-DD'),	TO_DATE('2030-01-01', 'YYYY-MM-DD'))/
INSERT INTO test.department_employee(employee_id, department_id, from_date, to_date) VALUES (87,	'd002',	TO_DATE('1994-09-28', 'YYYY-MM-DD'),	TO_DATE('2030-07-09', 'YYYY-MM-DD'))/
INSERT INTO test.department_employee(employee_id, department_id, from_date, to_date) VALUES (88,	'd003',	TO_DATE('1997-07-09', 'YYYY-MM-DD'),	TO_DATE('2030-01-01', 'YYYY-MM-DD'))/
INSERT INTO test.department_employee(employee_id, department_id, from_date, to_date) VALUES (89,	'd004',	TO_DATE('1986-10-30', 'YYYY-MM-DD'),	TO_DATE('2030-01-01', 'YYYY-MM-DD'))/
INSERT INTO test.department_employee(employee_id, department_id, from_date, to_date) VALUES (90,	'd008',	TO_DATE('1990-01-03', 'YYYY-MM-DD'),	TO_DATE('2030-01-15', 'YYYY-MM-DD'))/
INSERT INTO test.department_employee(employee_id, department_id, from_date, to_date) VALUES (91,	'd004',	TO_DATE('1987-03-31', 'YYYY-MM-DD'),	TO_DATE('2030-01-01', 'YYYY-MM-DD'))/
INSERT INTO test.department_employee(employee_id, department_id, from_date, to_date) VALUES (92,	'd004',	TO_DATE('1995-12-15', 'YYYY-MM-DD'),	TO_DATE('2030-01-01', 'YYYY-MM-DD'))/
INSERT INTO test.department_employee(employee_id, department_id, from_date, to_date) VALUES (93,	'd004',	TO_DATE('1994-04-09', 'YYYY-MM-DD'),	TO_DATE('2030-01-01', 'YYYY-MM-DD'))/
INSERT INTO test.department_employee(employee_id, department_id, from_date, to_date) VALUES (94,	'd003',	TO_DATE('1992-02-19', 'YYYY-MM-DD'),	TO_DATE('2030-01-01', 'YYYY-MM-DD'))/
INSERT INTO test.department_employee(employee_id, department_id, from_date, to_date) VALUES (95,	'd007',	TO_DATE('1997-05-08', 'YYYY-MM-DD'),	TO_DATE('2030-01-09', 'YYYY-MM-DD'))/
INSERT INTO test.department_employee(employee_id, department_id, from_date, to_date) VALUES (96,	'd007',	TO_DATE('1988-09-02', 'YYYY-MM-DD'),	TO_DATE('2030-03-21', 'YYYY-MM-DD'))/
INSERT INTO test.department_employee(employee_id, department_id, from_date, to_date) VALUES (97,	'd009',	TO_DATE('1992-03-21', 'YYYY-MM-DD'),	TO_DATE('2030-01-01', 'YYYY-MM-DD'))/
INSERT INTO test.department_employee(employee_id, department_id, from_date, to_date) VALUES (98,	'd007',	TO_DATE('1989-01-10', 'YYYY-MM-DD'),	TO_DATE('2030-01-01', 'YYYY-MM-DD'))/
INSERT INTO test.department_employee(employee_id, department_id, from_date, to_date) VALUES (99,	'd005',	TO_DATE('1986-03-14', 'YYYY-MM-DD'),	TO_DATE('2030-05-07', 'YYYY-MM-DD'))/
INSERT INTO test.department_employee(employee_id, department_id, from_date, to_date) VALUES (100,	'd005',	TO_DATE('1992-11-18', 'YYYY-MM-DD'),	TO_DATE('2030-01-01', 'YYYY-MM-DD'))/





INSERT INTO test.department_manager(employee_id, department_id, from_date, to_date) VALUES (1,	    'd001',	TO_DATE('1985-01-01', 'YYYY-MM-DD'),	TO_DATE('1991-10-01', 'YYYY-MM-DD'))/
INSERT INTO test.department_manager(employee_id, department_id, from_date, to_date) VALUES (2,	    'd001',	TO_DATE('1991-10-01', 'YYYY-MM-DD'),	TO_DATE('2030-01-01', 'YYYY-MM-DD'))/
INSERT INTO test.department_manager(employee_id, department_id, from_date, to_date) VALUES (3,	    'd002',	TO_DATE('1985-01-01', 'YYYY-MM-DD'),	TO_DATE('1989-12-17', 'YYYY-MM-DD'))/
INSERT INTO test.department_manager(employee_id, department_id, from_date, to_date) VALUES (4,	    'd002',	TO_DATE('1989-12-17', 'YYYY-MM-DD'),	TO_DATE('2030-01-01', 'YYYY-MM-DD'))/
INSERT INTO test.department_manager(employee_id, department_id, from_date, to_date) VALUES (5,	    'd003',	TO_DATE('1985-01-01', 'YYYY-MM-DD'),	TO_DATE('1992-03-21', 'YYYY-MM-DD'))/
INSERT INTO test.department_manager(employee_id, department_id, from_date, to_date) VALUES (6,	    'd003',	TO_DATE('1992-03-21', 'YYYY-MM-DD'),	TO_DATE('2030-01-01', 'YYYY-MM-DD'))/
INSERT INTO test.department_manager(employee_id, department_id, from_date, to_date) VALUES (7,	    'd004',	TO_DATE('1985-01-01', 'YYYY-MM-DD'),	TO_DATE('1988-09-09', 'YYYY-MM-DD'))/
INSERT INTO test.department_manager(employee_id, department_id, from_date, to_date) VALUES (8,	    'd004',	TO_DATE('1988-09-09', 'YYYY-MM-DD'),	TO_DATE('1992-08-02', 'YYYY-MM-DD'))/
INSERT INTO test.department_manager(employee_id, department_id, from_date, to_date) VALUES (9,	    'd004',	TO_DATE('1992-08-02', 'YYYY-MM-DD'),	TO_DATE('1996-08-30', 'YYYY-MM-DD'))/
INSERT INTO test.department_manager(employee_id, department_id, from_date, to_date) VALUES (10,     'd004',	TO_DATE('1996-08-30', 'YYYY-MM-DD'),	TO_DATE('2030-01-01', 'YYYY-MM-DD'))/
INSERT INTO test.department_manager(employee_id, department_id, from_date, to_date) VALUES (11,     'd005',	TO_DATE('1985-01-01', 'YYYY-MM-DD'),	TO_DATE('1992-04-25', 'YYYY-MM-DD'))/
INSERT INTO test.department_manager(employee_id, department_id, from_date, to_date) VALUES (12,     'd005',	TO_DATE('1992-04-25', 'YYYY-MM-DD'),	TO_DATE('2030-01-01', 'YYYY-MM-DD'))/
INSERT INTO test.department_manager(employee_id, department_id, from_date, to_date) VALUES (13,     'd006',	TO_DATE('1985-01-01', 'YYYY-MM-DD'),	TO_DATE('1989-05-06', 'YYYY-MM-DD'))/
INSERT INTO test.department_manager(employee_id, department_id, from_date, to_date) VALUES (14,     'd006',	TO_DATE('1989-05-06', 'YYYY-MM-DD'),	TO_DATE('1991-09-12', 'YYYY-MM-DD'))/
INSERT INTO test.department_manager(employee_id, department_id, from_date, to_date) VALUES (15,     'd006',	TO_DATE('1991-09-12', 'YYYY-MM-DD'),	TO_DATE('1994-06-28', 'YYYY-MM-DD'))/
INSERT INTO test.department_manager(employee_id, department_id, from_date, to_date) VALUES (16,     'd006',	TO_DATE('1994-06-28', 'YYYY-MM-DD'),	TO_DATE('2030-01-01', 'YYYY-MM-DD'))/
INSERT INTO test.department_manager(employee_id, department_id, from_date, to_date) VALUES (17,     'd007',	TO_DATE('1985-01-01', 'YYYY-MM-DD'),	TO_DATE('1991-03-07', 'YYYY-MM-DD'))/
INSERT INTO test.department_manager(employee_id, department_id, from_date, to_date) VALUES (18,     'd007',	TO_DATE('1991-03-07', 'YYYY-MM-DD'),	TO_DATE('2030-01-01', 'YYYY-MM-DD'))/
INSERT INTO test.department_manager(employee_id, department_id, from_date, to_date) VALUES (19,     'd008',	TO_DATE('1985-01-01', 'YYYY-MM-DD'),	TO_DATE('1991-04-08', 'YYYY-MM-DD'))/
INSERT INTO test.department_manager(employee_id, department_id, from_date, to_date) VALUES (20,     'd008',	TO_DATE('1991-04-08', 'YYYY-MM-DD'),	TO_DATE('2030-01-01', 'YYYY-MM-DD'))/
INSERT INTO test.department_manager(employee_id, department_id, from_date, to_date) VALUES (21,     'd009',	TO_DATE('1985-01-01', 'YYYY-MM-DD'),	TO_DATE('1988-10-17', 'YYYY-MM-DD'))/
INSERT INTO test.department_manager(employee_id, department_id, from_date, to_date) VALUES (22,     'd009',	TO_DATE('1988-10-17', 'YYYY-MM-DD'),	TO_DATE('1992-09-08', 'YYYY-MM-DD'))/
INSERT INTO test.department_manager(employee_id, department_id, from_date, to_date) VALUES (23,     'd009',	TO_DATE('1992-09-08', 'YYYY-MM-DD'),	TO_DATE('1996-01-03', 'YYYY-MM-DD'))/
INSERT INTO test.department_manager(employee_id, department_id, from_date, to_date) VALUES (24,     'd009',	TO_DATE('1996-01-03', 'YYYY-MM-DD'),	TO_DATE('2030-01-01', 'YYYY-MM-DD'))/



INSERT INTO test.salary(employee_id, amount, from_date, to_date) VALUES (1,	 	60117,	TO_DATE('1986-06-26', 'YYYY-MM-DD'),	TO_DATE('1987-06-26', 'YYYY-MM-DD'))/
INSERT INTO test.salary(employee_id, amount, from_date, to_date) VALUES (2,	 	62102,	TO_DATE('1987-06-26', 'YYYY-MM-DD'),	TO_DATE('1988-06-25', 'YYYY-MM-DD'))/
INSERT INTO test.salary(employee_id, amount, from_date, to_date) VALUES (3,	 	66074,	TO_DATE('1988-06-25', 'YYYY-MM-DD'),	TO_DATE('1989-06-25', 'YYYY-MM-DD'))/
INSERT INTO test.salary(employee_id, amount, from_date, to_date) VALUES (4,	 	66596,	TO_DATE('1989-06-25', 'YYYY-MM-DD'),	TO_DATE('1990-06-25', 'YYYY-MM-DD'))/
INSERT INTO test.salary(employee_id, amount, from_date, to_date) VALUES (5,	 	66961,	TO_DATE('1990-06-25', 'YYYY-MM-DD'),	TO_DATE('1991-06-25', 'YYYY-MM-DD'))/
INSERT INTO test.salary(employee_id, amount, from_date, to_date) VALUES (6,	 	71046,	TO_DATE('1991-06-25', 'YYYY-MM-DD'),	TO_DATE('1992-06-24', 'YYYY-MM-DD'))/
INSERT INTO test.salary(employee_id, amount, from_date, to_date) VALUES (7,	 	74333,	TO_DATE('1992-06-24', 'YYYY-MM-DD'),	TO_DATE('1993-06-24', 'YYYY-MM-DD'))/
INSERT INTO test.salary(employee_id, amount, from_date, to_date) VALUES (8,	 	75286,	TO_DATE('1993-06-24', 'YYYY-MM-DD'),	TO_DATE('1994-06-24', 'YYYY-MM-DD'))/
INSERT INTO test.salary(employee_id, amount, from_date, to_date) VALUES (9,	 	75994,	TO_DATE('1994-06-24', 'YYYY-MM-DD'),	TO_DATE('1995-06-24', 'YYYY-MM-DD'))/
INSERT INTO test.salary(employee_id, amount, from_date, to_date) VALUES (10,	76884,	TO_DATE('1995-06-24', 'YYYY-MM-DD'),	TO_DATE('1996-06-23', 'YYYY-MM-DD'))/
INSERT INTO test.salary(employee_id, amount, from_date, to_date) VALUES (11,	80013,	TO_DATE('1996-06-23', 'YYYY-MM-DD'),	TO_DATE('1997-06-23', 'YYYY-MM-DD'))/
INSERT INTO test.salary(employee_id, amount, from_date, to_date) VALUES (12,	81025,	TO_DATE('1997-06-23', 'YYYY-MM-DD'),	TO_DATE('1998-06-23', 'YYYY-MM-DD'))/
INSERT INTO test.salary(employee_id, amount, from_date, to_date) VALUES (13,	81097,	TO_DATE('1998-06-23', 'YYYY-MM-DD'),	TO_DATE('1999-06-23', 'YYYY-MM-DD'))/
INSERT INTO test.salary(employee_id, amount, from_date, to_date) VALUES (14,	84917,	TO_DATE('1999-06-23', 'YYYY-MM-DD'),	TO_DATE('2000-06-22', 'YYYY-MM-DD'))/
INSERT INTO test.salary(employee_id, amount, from_date, to_date) VALUES (15,	85112,	TO_DATE('2000-06-22', 'YYYY-MM-DD'),	TO_DATE('2001-06-22', 'YYYY-MM-DD'))/
INSERT INTO test.salary(employee_id, amount, from_date, to_date) VALUES (16,	85097,	TO_DATE('2001-06-22', 'YYYY-MM-DD'),	TO_DATE('2002-06-22', 'YYYY-MM-DD'))/
INSERT INTO test.salary(employee_id, amount, from_date, to_date) VALUES (17,	88958,	TO_DATE('2002-06-22', 'YYYY-MM-DD'),	TO_DATE('2030-01-01', 'YYYY-MM-DD'))/
INSERT INTO test.salary(employee_id, amount, from_date, to_date) VALUES (18,	65828,	TO_DATE('1996-08-03', 'YYYY-MM-DD'),	TO_DATE('1997-08-03', 'YYYY-MM-DD'))/
INSERT INTO test.salary(employee_id, amount, from_date, to_date) VALUES (19,	65909,	TO_DATE('1997-08-03', 'YYYY-MM-DD'),	TO_DATE('1998-08-03', 'YYYY-MM-DD'))/
INSERT INTO test.salary(employee_id, amount, from_date, to_date) VALUES (20,	67534,	TO_DATE('1998-08-03', 'YYYY-MM-DD'),	TO_DATE('1999-08-03', 'YYYY-MM-DD'))/
INSERT INTO test.salary(employee_id, amount, from_date, to_date) VALUES (21,	69366,	TO_DATE('1999-08-03', 'YYYY-MM-DD'),	TO_DATE('2000-08-02', 'YYYY-MM-DD'))/
INSERT INTO test.salary(employee_id, amount, from_date, to_date) VALUES (22,	71963,	TO_DATE('2000-08-02', 'YYYY-MM-DD'),	TO_DATE('2001-08-02', 'YYYY-MM-DD'))/
INSERT INTO test.salary(employee_id, amount, from_date, to_date) VALUES (23,	72527,	TO_DATE('2001-08-02', 'YYYY-MM-DD'),	TO_DATE('2030-01-01', 'YYYY-MM-DD'))/
INSERT INTO test.salary(employee_id, amount, from_date, to_date) VALUES (24,	40006,	TO_DATE('1995-12-03', 'YYYY-MM-DD'),	TO_DATE('1996-12-02', 'YYYY-MM-DD'))/
INSERT INTO test.salary(employee_id, amount, from_date, to_date) VALUES (25,	43616,	TO_DATE('1996-12-02', 'YYYY-MM-DD'),	TO_DATE('1997-12-02', 'YYYY-MM-DD'))/
INSERT INTO test.salary(employee_id, amount, from_date, to_date) VALUES (26,	43466,	TO_DATE('1997-12-02', 'YYYY-MM-DD'),	TO_DATE('1998-12-02', 'YYYY-MM-DD'))/
INSERT INTO test.salary(employee_id, amount, from_date, to_date) VALUES (27,	43636,	TO_DATE('1998-12-02', 'YYYY-MM-DD'),	TO_DATE('1999-12-02', 'YYYY-MM-DD'))/
INSERT INTO test.salary(employee_id, amount, from_date, to_date) VALUES (28,	43478,	TO_DATE('1999-12-02', 'YYYY-MM-DD'),	TO_DATE('2000-12-01', 'YYYY-MM-DD'))/
INSERT INTO test.salary(employee_id, amount, from_date, to_date) VALUES (29,	43699,	TO_DATE('2000-12-01', 'YYYY-MM-DD'),	TO_DATE('2001-12-01', 'YYYY-MM-DD'))/
INSERT INTO test.salary(employee_id, amount, from_date, to_date) VALUES (30,	43311,	TO_DATE('2001-12-01', 'YYYY-MM-DD'),	TO_DATE('2030-01-01', 'YYYY-MM-DD'))/
INSERT INTO test.salary(employee_id, amount, from_date, to_date) VALUES (31,	40054,	TO_DATE('1986-12-01', 'YYYY-MM-DD'),	TO_DATE('1987-12-01', 'YYYY-MM-DD'))/
INSERT INTO test.salary(employee_id, amount, from_date, to_date) VALUES (32,	42283,	TO_DATE('1987-12-01', 'YYYY-MM-DD'),	TO_DATE('1988-11-30', 'YYYY-MM-DD'))/
INSERT INTO test.salary(employee_id, amount, from_date, to_date) VALUES (33,	42542,	TO_DATE('1988-11-30', 'YYYY-MM-DD'),	TO_DATE('1989-11-30', 'YYYY-MM-DD'))/
INSERT INTO test.salary(employee_id, amount, from_date, to_date) VALUES (34,	46065,	TO_DATE('1989-11-30', 'YYYY-MM-DD'),	TO_DATE('1990-11-30', 'YYYY-MM-DD'))/
INSERT INTO test.salary(employee_id, amount, from_date, to_date) VALUES (35,	48271,	TO_DATE('1990-11-30', 'YYYY-MM-DD'),	TO_DATE('1991-11-30', 'YYYY-MM-DD'))/
INSERT INTO test.salary(employee_id, amount, from_date, to_date) VALUES (36,	50594,	TO_DATE('1991-11-30', 'YYYY-MM-DD'),	TO_DATE('1992-11-29', 'YYYY-MM-DD'))/
INSERT INTO test.salary(employee_id, amount, from_date, to_date) VALUES (37,	52119,	TO_DATE('1992-11-29', 'YYYY-MM-DD'),	TO_DATE('1993-11-29', 'YYYY-MM-DD'))/
INSERT INTO test.salary(employee_id, amount, from_date, to_date) VALUES (38,	54693,	TO_DATE('1993-11-29', 'YYYY-MM-DD'),	TO_DATE('1994-11-29', 'YYYY-MM-DD'))/
INSERT INTO test.salary(employee_id, amount, from_date, to_date) VALUES (39,	58326,	TO_DATE('1994-11-29', 'YYYY-MM-DD'),	TO_DATE('1995-11-29', 'YYYY-MM-DD'))/
INSERT INTO test.salary(employee_id, amount, from_date, to_date) VALUES (40,	60770,	TO_DATE('1995-11-29', 'YYYY-MM-DD'),	TO_DATE('1996-11-28', 'YYYY-MM-DD'))/
INSERT INTO test.salary(employee_id, amount, from_date, to_date) VALUES (41,	62566,	TO_DATE('1996-11-28', 'YYYY-MM-DD'),	TO_DATE('1997-11-28', 'YYYY-MM-DD'))/
INSERT INTO test.salary(employee_id, amount, from_date, to_date) VALUES (42,	64340,	TO_DATE('1997-11-28', 'YYYY-MM-DD'),	TO_DATE('1998-11-28', 'YYYY-MM-DD'))/
INSERT INTO test.salary(employee_id, amount, from_date, to_date) VALUES (43,	67096,	TO_DATE('1998-11-28', 'YYYY-MM-DD'),	TO_DATE('1999-11-28', 'YYYY-MM-DD'))/
INSERT INTO test.salary(employee_id, amount, from_date, to_date) VALUES (44,	69722,	TO_DATE('1999-11-28', 'YYYY-MM-DD'),	TO_DATE('2000-11-27', 'YYYY-MM-DD'))/
INSERT INTO test.salary(employee_id, amount, from_date, to_date) VALUES (45,	70698,	TO_DATE('2000-11-27', 'YYYY-MM-DD'),	TO_DATE('2001-11-27', 'YYYY-MM-DD'))/
INSERT INTO test.salary(employee_id, amount, from_date, to_date) VALUES (46,	74057,	TO_DATE('2001-11-27', 'YYYY-MM-DD'),	TO_DATE('2030-01-01', 'YYYY-MM-DD'))/
INSERT INTO test.salary(employee_id, amount, from_date, to_date) VALUES (47,	78228,	TO_DATE('1989-09-12', 'YYYY-MM-DD'),	TO_DATE('1990-09-12', 'YYYY-MM-DD'))/
INSERT INTO test.salary(employee_id, amount, from_date, to_date) VALUES (48,	82621,	TO_DATE('1990-09-12', 'YYYY-MM-DD'),	TO_DATE('1991-09-12', 'YYYY-MM-DD'))/
INSERT INTO test.salary(employee_id, amount, from_date, to_date) VALUES (49,	83735,	TO_DATE('1991-09-12', 'YYYY-MM-DD'),	TO_DATE('1992-09-11', 'YYYY-MM-DD'))/
INSERT INTO test.salary(employee_id, amount, from_date, to_date) VALUES (50,	85572,	TO_DATE('1992-09-11', 'YYYY-MM-DD'),	TO_DATE('1993-09-11', 'YYYY-MM-DD'))/
INSERT INTO test.salary(employee_id, amount, from_date, to_date) VALUES (51,	85076,	TO_DATE('1993-09-11', 'YYYY-MM-DD'),	TO_DATE('1994-09-11', 'YYYY-MM-DD'))/
INSERT INTO test.salary(employee_id, amount, from_date, to_date) VALUES (52,	86050,	TO_DATE('1994-09-11', 'YYYY-MM-DD'),	TO_DATE('1995-09-11', 'YYYY-MM-DD'))/
INSERT INTO test.salary(employee_id, amount, from_date, to_date) VALUES (53,	88448,	TO_DATE('1995-09-11', 'YYYY-MM-DD'),	TO_DATE('1996-09-10', 'YYYY-MM-DD'))/
INSERT INTO test.salary(employee_id, amount, from_date, to_date) VALUES (54,	88063,	TO_DATE('1996-09-10', 'YYYY-MM-DD'),	TO_DATE('1997-09-10', 'YYYY-MM-DD'))/
INSERT INTO test.salary(employee_id, amount, from_date, to_date) VALUES (55,	89724,	TO_DATE('1997-09-10', 'YYYY-MM-DD'),	TO_DATE('1998-09-10', 'YYYY-MM-DD'))/
INSERT INTO test.salary(employee_id, amount, from_date, to_date) VALUES (56,	90392,	TO_DATE('1998-09-10', 'YYYY-MM-DD'),	TO_DATE('1999-09-10', 'YYYY-MM-DD'))/
INSERT INTO test.salary(employee_id, amount, from_date, to_date) VALUES (57,	90531,	TO_DATE('1999-09-10', 'YYYY-MM-DD'),	TO_DATE('2000-09-09', 'YYYY-MM-DD'))/
INSERT INTO test.salary(employee_id, amount, from_date, to_date) VALUES (58,	91453,	TO_DATE('2000-09-09', 'YYYY-MM-DD'),	TO_DATE('2001-09-09', 'YYYY-MM-DD'))/
INSERT INTO test.salary(employee_id, amount, from_date, to_date) VALUES (59,	94692,	TO_DATE('2001-09-09', 'YYYY-MM-DD'),	TO_DATE('2030-01-01', 'YYYY-MM-DD'))/
INSERT INTO test.salary(employee_id, amount, from_date, to_date) VALUES (60,	40000,	TO_DATE('1990-08-05', 'YYYY-MM-DD'),	TO_DATE('1991-08-05', 'YYYY-MM-DD'))/
INSERT INTO test.salary(employee_id, amount, from_date, to_date) VALUES (61,	42085,	TO_DATE('1991-08-05', 'YYYY-MM-DD'),	TO_DATE('1992-08-04', 'YYYY-MM-DD'))/
INSERT INTO test.salary(employee_id, amount, from_date, to_date) VALUES (62,	42629,	TO_DATE('1992-08-04', 'YYYY-MM-DD'),	TO_DATE('1993-08-04', 'YYYY-MM-DD'))/
INSERT INTO test.salary(employee_id, amount, from_date, to_date) VALUES (63,	45844,	TO_DATE('1993-08-04', 'YYYY-MM-DD'),	TO_DATE('1994-08-04', 'YYYY-MM-DD'))/
INSERT INTO test.salary(employee_id, amount, from_date, to_date) VALUES (64,	47518,	TO_DATE('1994-08-04', 'YYYY-MM-DD'),	TO_DATE('1995-08-04', 'YYYY-MM-DD'))/
INSERT INTO test.salary(employee_id, amount, from_date, to_date) VALUES (65,	47917,	TO_DATE('1995-08-04', 'YYYY-MM-DD'),	TO_DATE('1996-08-03', 'YYYY-MM-DD'))/
INSERT INTO test.salary(employee_id, amount, from_date, to_date) VALUES (66,	52255,	TO_DATE('1996-08-03', 'YYYY-MM-DD'),	TO_DATE('1997-08-03', 'YYYY-MM-DD'))/
INSERT INTO test.salary(employee_id, amount, from_date, to_date) VALUES (67,	53747,	TO_DATE('1997-08-03', 'YYYY-MM-DD'),	TO_DATE('1998-08-03', 'YYYY-MM-DD'))/
INSERT INTO test.salary(employee_id, amount, from_date, to_date) VALUES (68,	56032,	TO_DATE('1998-08-03', 'YYYY-MM-DD'),	TO_DATE('1999-08-03', 'YYYY-MM-DD'))/
INSERT INTO test.salary(employee_id, amount, from_date, to_date) VALUES (69,	58299,	TO_DATE('1999-08-03', 'YYYY-MM-DD'),	TO_DATE('2000-08-02', 'YYYY-MM-DD'))/
INSERT INTO test.salary(employee_id, amount, from_date, to_date) VALUES (70,	60098,	TO_DATE('2000-08-02', 'YYYY-MM-DD'),	TO_DATE('2001-08-02', 'YYYY-MM-DD'))/
INSERT INTO test.salary(employee_id, amount, from_date, to_date) VALUES (71,	59755,	TO_DATE('2001-08-02', 'YYYY-MM-DD'),	TO_DATE('2030-01-01', 'YYYY-MM-DD'))/
INSERT INTO test.salary(employee_id, amount, from_date, to_date) VALUES (72,	56724,	TO_DATE('1989-02-10', 'YYYY-MM-DD'),	TO_DATE('1990-02-10', 'YYYY-MM-DD'))/
INSERT INTO test.salary(employee_id, amount, from_date, to_date) VALUES (73,	60740,	TO_DATE('1990-02-10', 'YYYY-MM-DD'),	TO_DATE('1991-02-10', 'YYYY-MM-DD'))/
INSERT INTO test.salary(employee_id, amount, from_date, to_date) VALUES (74,	62745,	TO_DATE('1991-02-10', 'YYYY-MM-DD'),	TO_DATE('1992-02-10', 'YYYY-MM-DD'))/
INSERT INTO test.salary(employee_id, amount, from_date, to_date) VALUES (75,	63475,	TO_DATE('1992-02-10', 'YYYY-MM-DD'),	TO_DATE('1993-02-09', 'YYYY-MM-DD'))/
INSERT INTO test.salary(employee_id, amount, from_date, to_date) VALUES (76,	63208,	TO_DATE('1993-02-09', 'YYYY-MM-DD'),	TO_DATE('1994-02-09', 'YYYY-MM-DD'))/
INSERT INTO test.salary(employee_id, amount, from_date, to_date) VALUES (77,	64563,	TO_DATE('1994-02-09', 'YYYY-MM-DD'),	TO_DATE('1995-02-09', 'YYYY-MM-DD'))/
INSERT INTO test.salary(employee_id, amount, from_date, to_date) VALUES (78,	68833,	TO_DATE('1995-02-09', 'YYYY-MM-DD'),	TO_DATE('1996-02-09', 'YYYY-MM-DD'))/
INSERT INTO test.salary(employee_id, amount, from_date, to_date) VALUES (79,	70220,	TO_DATE('1996-02-09', 'YYYY-MM-DD'),	TO_DATE('1997-02-08', 'YYYY-MM-DD'))/
INSERT INTO test.salary(employee_id, amount, from_date, to_date) VALUES (80,	73362,	TO_DATE('1997-02-08', 'YYYY-MM-DD'),	TO_DATE('1998-02-08', 'YYYY-MM-DD'))/
INSERT INTO test.salary(employee_id, amount, from_date, to_date) VALUES (81,	75582,	TO_DATE('1998-02-08', 'YYYY-MM-DD'),	TO_DATE('1999-02-08', 'YYYY-MM-DD'))/
INSERT INTO test.salary(employee_id, amount, from_date, to_date) VALUES (82,	79513,	TO_DATE('1999-02-08', 'YYYY-MM-DD'),	TO_DATE('2000-02-08', 'YYYY-MM-DD'))/
INSERT INTO test.salary(employee_id, amount, from_date, to_date) VALUES (83,	80083,	TO_DATE('2000-02-08', 'YYYY-MM-DD'),	TO_DATE('2001-02-07', 'YYYY-MM-DD'))/
INSERT INTO test.salary(employee_id, amount, from_date, to_date) VALUES (84,	84456,	TO_DATE('2001-02-07', 'YYYY-MM-DD'),	TO_DATE('2002-02-07', 'YYYY-MM-DD'))/
INSERT INTO test.salary(employee_id, amount, from_date, to_date) VALUES (85,	88070,	TO_DATE('2002-02-07', 'YYYY-MM-DD'),	TO_DATE('2030-01-01', 'YYYY-MM-DD'))/
INSERT INTO test.salary(employee_id, amount, from_date, to_date) VALUES (86,	46671,	TO_DATE('1998-03-11', 'YYYY-MM-DD'),	TO_DATE('1999-03-11', 'YYYY-MM-DD'))/
INSERT INTO test.salary(employee_id, amount, from_date, to_date) VALUES (87,	48584,	TO_DATE('1999-03-11', 'YYYY-MM-DD'),	TO_DATE('2000-03-10', 'YYYY-MM-DD'))/
INSERT INTO test.salary(employee_id, amount, from_date, to_date) VALUES (88,	52668,	TO_DATE('2000-03-10', 'YYYY-MM-DD'),	TO_DATE('2000-07-31', 'YYYY-MM-DD'))/
INSERT INTO test.salary(employee_id, amount, from_date, to_date) VALUES (89,	60929,	TO_DATE('1985-02-18', 'YYYY-MM-DD'),	TO_DATE('1986-02-18', 'YYYY-MM-DD'))/
INSERT INTO test.salary(employee_id, amount, from_date, to_date) VALUES (90,	64604,	TO_DATE('1986-02-18', 'YYYY-MM-DD'),	TO_DATE('1987-02-18', 'YYYY-MM-DD'))/
INSERT INTO test.salary(employee_id, amount, from_date, to_date) VALUES (91,	64780,	TO_DATE('1987-02-18', 'YYYY-MM-DD'),	TO_DATE('1988-02-18', 'YYYY-MM-DD'))/
INSERT INTO test.salary(employee_id, amount, from_date, to_date) VALUES (92,	66302,	TO_DATE('1988-02-18', 'YYYY-MM-DD'),	TO_DATE('1989-02-17', 'YYYY-MM-DD'))/
INSERT INTO test.salary(employee_id, amount, from_date, to_date) VALUES (93,	69042,	TO_DATE('1989-02-17', 'YYYY-MM-DD'),	TO_DATE('1990-02-17', 'YYYY-MM-DD'))/
INSERT INTO test.salary(employee_id, amount, from_date, to_date) VALUES (94,	70889,	TO_DATE('1990-02-17', 'YYYY-MM-DD'),	TO_DATE('1991-02-17', 'YYYY-MM-DD'))/
INSERT INTO test.salary(employee_id, amount, from_date, to_date) VALUES (95,	71434,	TO_DATE('1991-02-17', 'YYYY-MM-DD'),	TO_DATE('1992-02-17', 'YYYY-MM-DD'))/
INSERT INTO test.salary(employee_id, amount, from_date, to_date) VALUES (96,	74612,	TO_DATE('1992-02-17', 'YYYY-MM-DD'),	TO_DATE('1993-02-16', 'YYYY-MM-DD'))/
INSERT INTO test.salary(employee_id, amount, from_date, to_date) VALUES (97,	76518,	TO_DATE('1993-02-16', 'YYYY-MM-DD'),	TO_DATE('1994-02-16', 'YYYY-MM-DD'))/
INSERT INTO test.salary(employee_id, amount, from_date, to_date) VALUES (98,	78335,	TO_DATE('1994-02-16', 'YYYY-MM-DD'),	TO_DATE('1995-02-16', 'YYYY-MM-DD'))/
INSERT INTO test.salary(employee_id, amount, from_date, to_date) VALUES (99,	80944,	TO_DATE('1995-02-16', 'YYYY-MM-DD'),	TO_DATE('1996-02-16', 'YYYY-MM-DD'))/
INSERT INTO test.salary(employee_id, amount, from_date, to_date) VALUES (100,	82507,	TO_DATE('1996-02-16', 'YYYY-MM-DD'),	TO_DATE('1997-02-15', 'YYYY-MM-DD'))/







INSERT INTO test.title(employee_id, title, from_date, to_date) VALUES (1,	    'Senior Engineer',	    TO_DATE('1986-06-26', 'YYYY-MM-DD'),	TO_DATE('2030-01-01', 'YYYY-MM-DD'))/
INSERT INTO test.title(employee_id, title, from_date, to_date) VALUES (2,	    'Staff',	            TO_DATE('1996-08-03', 'YYYY-MM-DD'),	TO_DATE('2030-01-01', 'YYYY-MM-DD'))/
INSERT INTO test.title(employee_id, title, from_date, to_date) VALUES (3,	    'Senior Engineer',	    TO_DATE('1995-12-03', 'YYYY-MM-DD'),	TO_DATE('2030-01-01', 'YYYY-MM-DD'))/
INSERT INTO test.title(employee_id, title, from_date, to_date) VALUES (4,	    'Engineer',	            TO_DATE('1986-12-01', 'YYYY-MM-DD'),	TO_DATE('1995-12-01', 'YYYY-MM-DD'))/
INSERT INTO test.title(employee_id, title, from_date, to_date) VALUES (5,	    'Senior Engineer',	    TO_DATE('1995-12-01', 'YYYY-MM-DD'),	TO_DATE('2030-01-01', 'YYYY-MM-DD'))/
INSERT INTO test.title(employee_id, title, from_date, to_date) VALUES (6,	    'Senior Staff',	        TO_DATE('1996-09-12', 'YYYY-MM-DD'),	TO_DATE('2030-01-01', 'YYYY-MM-DD'))/
INSERT INTO test.title(employee_id, title, from_date, to_date) VALUES (7,	    'Staff',	            TO_DATE('1989-09-12', 'YYYY-MM-DD'),	TO_DATE('1996-09-12', 'YYYY-MM-DD'))/
INSERT INTO test.title(employee_id, title, from_date, to_date) VALUES (8,	    'Senior Engineer',	    TO_DATE('1990-08-05', 'YYYY-MM-DD'),	TO_DATE('2030-01-01', 'YYYY-MM-DD'))/
INSERT INTO test.title(employee_id, title, from_date, to_date) VALUES (9,	    'Senior Staff',	        TO_DATE('1996-02-11', 'YYYY-MM-DD'),	TO_DATE('2030-01-01', 'YYYY-MM-DD'))/
INSERT INTO test.title(employee_id, title, from_date, to_date) VALUES (10,  	'Staff',	            TO_DATE('1989-02-10', 'YYYY-MM-DD'),	TO_DATE('1996-02-11', 'YYYY-MM-DD'))/
INSERT INTO test.title(employee_id, title, from_date, to_date) VALUES (11,  	'Assistant Engineer',	TO_DATE('1998-03-11', 'YYYY-MM-DD'),	TO_DATE('2000-07-31', 'YYYY-MM-DD'))/
INSERT INTO test.title(employee_id, title, from_date, to_date) VALUES (12,  	'Assistant Engineer',	TO_DATE('1985-02-18', 'YYYY-MM-DD'),	TO_DATE('1990-02-18', 'YYYY-MM-DD'))/
INSERT INTO test.title(employee_id, title, from_date, to_date) VALUES (13,  	'Engineer',	            TO_DATE('1990-02-18', 'YYYY-MM-DD'),	TO_DATE('1995-02-18', 'YYYY-MM-DD'))/
INSERT INTO test.title(employee_id, title, from_date, to_date) VALUES (14,  	'Senior Engineer',	    TO_DATE('1995-02-18', 'YYYY-MM-DD'),	TO_DATE('2030-01-01', 'YYYY-MM-DD'))/
INSERT INTO test.title(employee_id, title, from_date, to_date) VALUES (15,  	'Engineer',	            TO_DATE('1996-11-24', 'YYYY-MM-DD'),	TO_DATE('2030-01-01', 'YYYY-MM-DD'))/
INSERT INTO test.title(employee_id, title, from_date, to_date) VALUES (16,  	'Staff',	            TO_DATE('1990-01-22', 'YYYY-MM-DD'),	TO_DATE('1996-11-09', 'YYYY-MM-DD'))/
INSERT INTO test.title(employee_id, title, from_date, to_date) VALUES (17,  	'Engineer',	            TO_DATE('1992-12-18', 'YYYY-MM-DD'),	TO_DATE('2000-12-18', 'YYYY-MM-DD'))/
INSERT INTO test.title(employee_id, title, from_date, to_date) VALUES (18,  	'Senior Engineer',	    TO_DATE('2000-12-18', 'YYYY-MM-DD'),	TO_DATE('2030-01-01', 'YYYY-MM-DD'))/
INSERT INTO test.title(employee_id, title, from_date, to_date) VALUES (19,  	'Senior Staff',	        TO_DATE('1985-10-20', 'YYYY-MM-DD'),	TO_DATE('2030-01-01', 'YYYY-MM-DD'))/
INSERT INTO test.title(employee_id, title, from_date, to_date) VALUES (20,  	'Engineer',	            TO_DATE('1993-12-29', 'YYYY-MM-DD'),	TO_DATE('2030-01-01', 'YYYY-MM-DD'))/
INSERT INTO test.title(employee_id, title, from_date, to_date) VALUES (21,  	'Senior Staff',	        TO_DATE('1992-09-19', 'YYYY-MM-DD'),	TO_DATE('1993-08-22', 'YYYY-MM-DD'))/
INSERT INTO test.title(employee_id, title, from_date, to_date) VALUES (22,  	'Staff',	            TO_DATE('1998-02-11', 'YYYY-MM-DD'),	TO_DATE('2030-01-01', 'YYYY-MM-DD'))/
INSERT INTO test.title(employee_id, title, from_date, to_date) VALUES (23,  	'Senior Staff',	        TO_DATE('2000-08-03', 'YYYY-MM-DD'),	TO_DATE('2030-01-01', 'YYYY-MM-DD'))/
INSERT INTO test.title(employee_id, title, from_date, to_date) VALUES (24,  	'Staff',	            TO_DATE('1993-08-03', 'YYYY-MM-DD'),	TO_DATE('2000-08-03', 'YYYY-MM-DD'))/
INSERT INTO test.title(employee_id, title, from_date, to_date) VALUES (25,  	'Engineer',	            TO_DATE('1987-04-03', 'YYYY-MM-DD'),	TO_DATE('1995-04-03', 'YYYY-MM-DD'))/
INSERT INTO test.title(employee_id, title, from_date, to_date) VALUES (26,  	'Senior Engineer',	    TO_DATE('1995-04-03', 'YYYY-MM-DD'),	TO_DATE('2030-01-01', 'YYYY-MM-DD'))/
INSERT INTO test.title(employee_id, title, from_date, to_date) VALUES (27,  	'Staff',	            TO_DATE('1999-04-30', 'YYYY-MM-DD'),	TO_DATE('2030-01-01', 'YYYY-MM-DD'))/
INSERT INTO test.title(employee_id, title, from_date, to_date) VALUES (28,  	'Engineer',         	TO_DATE('1997-12-30', 'YYYY-MM-DD'),	TO_DATE('2030-01-01', 'YYYY-MM-DD'))/
INSERT INTO test.title(employee_id, title, from_date, to_date) VALUES (29,  	'Technique Leader',	    TO_DATE('1988-02-10', 'YYYY-MM-DD'),	TO_DATE('2002-07-15', 'YYYY-MM-DD'))/
INSERT INTO test.title(employee_id, title, from_date, to_date) VALUES (30,  	'Engineer',	            TO_DATE('1999-09-03', 'YYYY-MM-DD'),	TO_DATE('2030-01-01', 'YYYY-MM-DD'))/
INSERT INTO test.title(employee_id, title, from_date, to_date) VALUES (31,  	'Engineer',	            TO_DATE('1999-09-27', 'YYYY-MM-DD'),	TO_DATE('2030-01-01', 'YYYY-MM-DD'))/
INSERT INTO test.title(employee_id, title, from_date, to_date) VALUES (32,  	'Assistant Engineer',	TO_DATE('1998-06-14', 'YYYY-MM-DD'),	TO_DATE('2030-01-01', 'YYYY-MM-DD'))/
INSERT INTO test.title(employee_id, title, from_date, to_date) VALUES (33,  	'Technique Leader',	    TO_DATE('1987-08-17', 'YYYY-MM-DD'),	TO_DATE('1997-10-15', 'YYYY-MM-DD'))/
INSERT INTO test.title(employee_id, title, from_date, to_date) VALUES (34,  	'Engineer',	            TO_DATE('1995-03-20', 'YYYY-MM-DD'),	TO_DATE('2001-03-19', 'YYYY-MM-DD'))/
INSERT INTO test.title(employee_id, title, from_date, to_date) VALUES (35,  	'Senior Engineer',	    TO_DATE('2001-03-19', 'YYYY-MM-DD'),	TO_DATE('2030-01-01', 'YYYY-MM-DD'))/
INSERT INTO test.title(employee_id, title, from_date, to_date) VALUES (36,  	'Engineer',	            TO_DATE('1995-04-02', 'YYYY-MM-DD'),	TO_DATE('2001-04-01', 'YYYY-MM-DD'))/
INSERT INTO test.title(employee_id, title, from_date, to_date) VALUES (37,  	'Senior Engineer',	    TO_DATE('2001-04-01', 'YYYY-MM-DD'),	TO_DATE('2030-01-01', 'YYYY-MM-DD'))/
INSERT INTO test.title(employee_id, title, from_date, to_date) VALUES (38,  	'Engineer',	            TO_DATE('1991-10-22', 'YYYY-MM-DD'),	TO_DATE('1998-04-06', 'YYYY-MM-DD'))/
INSERT INTO test.title(employee_id, title, from_date, to_date) VALUES (39,  	'Engineer',	            TO_DATE('1991-09-18', 'YYYY-MM-DD'),	TO_DATE('2000-09-17', 'YYYY-MM-DD'))/
INSERT INTO test.title(employee_id, title, from_date, to_date) VALUES (40,  	'Senior Engineer',	    TO_DATE('2000-09-17', 'YYYY-MM-DD'),	TO_DATE('2030-01-01', 'YYYY-MM-DD'))/
INSERT INTO test.title(employee_id, title, from_date, to_date) VALUES (41,  	'Engineer',	            TO_DATE('1994-02-17', 'YYYY-MM-DD'),	TO_DATE('2001-02-17', 'YYYY-MM-DD'))/
INSERT INTO test.title(employee_id, title, from_date, to_date) VALUES (42,  	'Senior Engineer',	    TO_DATE('2001-02-17', 'YYYY-MM-DD'),	TO_DATE('2030-01-01', 'YYYY-MM-DD'))/
INSERT INTO test.title(employee_id, title, from_date, to_date) VALUES (43,  	'Engineer',	            TO_DATE('1991-09-01', 'YYYY-MM-DD'),	TO_DATE('1998-09-01', 'YYYY-MM-DD'))/
INSERT INTO test.title(employee_id, title, from_date, to_date) VALUES (44,  	'Senior Engineer',	    TO_DATE('1998-09-01', 'YYYY-MM-DD'),	TO_DATE('2030-01-01', 'YYYY-MM-DD'))/
INSERT INTO test.title(employee_id, title, from_date, to_date) VALUES (45,  	'Engineer',	            TO_DATE('1990-06-20', 'YYYY-MM-DD'),	TO_DATE('1995-06-20', 'YYYY-MM-DD'))/
INSERT INTO test.title(employee_id, title, from_date, to_date) VALUES (46,  	'Senior Engineer',	    TO_DATE('1995-06-20', 'YYYY-MM-DD'),	TO_DATE('2030-01-01', 'YYYY-MM-DD'))/
INSERT INTO test.title(employee_id, title, from_date, to_date) VALUES (47,  	'Technique Leader',	    TO_DATE('1987-03-18', 'YYYY-MM-DD'),	TO_DATE('1993-03-24', 'YYYY-MM-DD'))/
INSERT INTO test.title(employee_id, title, from_date, to_date) VALUES (48,  	'Staff',	            TO_DATE('1995-04-12', 'YYYY-MM-DD'),	TO_DATE('1999-10-31', 'YYYY-MM-DD'))/
INSERT INTO test.title(employee_id, title, from_date, to_date) VALUES (49,  	'Engineer',         	TO_DATE('1988-09-05', 'YYYY-MM-DD'),	TO_DATE('1996-09-05', 'YYYY-MM-DD'))/
INSERT INTO test.title(employee_id, title, from_date, to_date) VALUES (50,  	'Senior Engineer',	    TO_DATE('1996-09-05', 'YYYY-MM-DD'),	TO_DATE('2030-01-01', 'YYYY-MM-DD'))/
INSERT INTO test.title(employee_id, title, from_date, to_date) VALUES (51,  	'Senior Staff',	        TO_DATE('1992-04-28', 'YYYY-MM-DD'),	TO_DATE('2030-01-01', 'YYYY-MM-DD'))/
INSERT INTO test.title(employee_id, title, from_date, to_date) VALUES (52,  	'Engineer',	            TO_DATE('1990-12-05', 'YYYY-MM-DD'),	TO_DATE('1995-12-05', 'YYYY-MM-DD'))/
INSERT INTO test.title(employee_id, title, from_date, to_date) VALUES (53,  	'Senior Engineer',	    TO_DATE('1995-12-05', 'YYYY-MM-DD'),	TO_DATE('2030-01-01', 'YYYY-MM-DD'))/
INSERT INTO test.title(employee_id, title, from_date, to_date) VALUES (54,  	'Senior Staff',	        TO_DATE('1996-09-20', 'YYYY-MM-DD'),	TO_DATE('2030-01-01', 'YYYY-MM-DD'))/
INSERT INTO test.title(employee_id, title, from_date, to_date) VALUES (55,  	'Staff',	            TO_DATE('1989-09-20', 'YYYY-MM-DD'),	TO_DATE('1996-09-20', 'YYYY-MM-DD'))/
INSERT INTO test.title(employee_id, title, from_date, to_date) VALUES (56,  	'Senior Staff',	        TO_DATE('1997-01-18', 'YYYY-MM-DD'),	TO_DATE('2030-01-01', 'YYYY-MM-DD'))/
INSERT INTO test.title(employee_id, title, from_date, to_date) VALUES (57,  	'Staff',	            TO_DATE('1988-01-19', 'YYYY-MM-DD'),	TO_DATE('1997-01-18', 'YYYY-MM-DD'))/
INSERT INTO test.title(employee_id, title, from_date, to_date) VALUES (58,  	'Engineer',	            TO_DATE('1993-02-14', 'YYYY-MM-DD'),	TO_DATE('1999-02-14', 'YYYY-MM-DD'))/
INSERT INTO test.title(employee_id, title, from_date, to_date) VALUES (59,  	'Senior Engineer',	    TO_DATE('1999-02-14', 'YYYY-MM-DD'),	TO_DATE('2030-01-01', 'YYYY-MM-DD'))/
INSERT INTO test.title(employee_id, title, from_date, to_date) VALUES (60,  	'Senior Staff',	        TO_DATE('1998-11-12', 'YYYY-MM-DD'),	TO_DATE('2030-01-01', 'YYYY-MM-DD'))/
INSERT INTO test.title(employee_id, title, from_date, to_date) VALUES (61,  	'Staff',	            TO_DATE('1989-11-12', 'YYYY-MM-DD'),	TO_DATE('1998-11-12', 'YYYY-MM-DD'))/
INSERT INTO test.title(employee_id, title, from_date, to_date) VALUES (62,  	'Senior Staff',	        TO_DATE('2000-03-21', 'YYYY-MM-DD'),	TO_DATE('2000-08-10', 'YYYY-MM-DD'))/
INSERT INTO test.title(employee_id, title, from_date, to_date) VALUES (63,  	'Staff',	            TO_DATE('1993-03-21', 'YYYY-MM-DD'),	TO_DATE('2000-03-21', 'YYYY-MM-DD'))/
INSERT INTO test.title(employee_id, title, from_date, to_date) VALUES (64,  	'Engineer',	            TO_DATE('1990-10-20', 'YYYY-MM-DD'),	TO_DATE('1997-10-20', 'YYYY-MM-DD'))/
INSERT INTO test.title(employee_id, title, from_date, to_date) VALUES (65,  	'Senior Engineer',	    TO_DATE('1997-10-20', 'YYYY-MM-DD'),	TO_DATE('2030-01-01', 'YYYY-MM-DD'))/
INSERT INTO test.title(employee_id, title, from_date, to_date) VALUES (66,  	'Technique Leader',	    TO_DATE('1994-05-21', 'YYYY-MM-DD'),	TO_DATE('2030-01-01', 'YYYY-MM-DD'))/
INSERT INTO test.title(employee_id, title, from_date, to_date) VALUES (67,  	'Engineer',	            TO_DATE('1996-11-16', 'YYYY-MM-DD'),	TO_DATE('2030-01-01', 'YYYY-MM-DD'))/
INSERT INTO test.title(employee_id, title, from_date, to_date) VALUES (68,  	'Senior Staff',	        TO_DATE('2000-06-20', 'YYYY-MM-DD'),	TO_DATE('2030-01-01', 'YYYY-MM-DD'))/
INSERT INTO test.title(employee_id, title, from_date, to_date) VALUES (69,  	'Staff',	            TO_DATE('1992-06-20', 'YYYY-MM-DD'),	TO_DATE('2000-06-20', 'YYYY-MM-DD'))/
INSERT INTO test.title(employee_id, title, from_date, to_date) VALUES (70,  	'Engineer',	            TO_DATE('1989-03-31', 'YYYY-MM-DD'),	TO_DATE('1998-03-31', 'YYYY-MM-DD'))/
INSERT INTO test.title(employee_id, title, from_date, to_date) VALUES (71,  	'Senior Engineer',	    TO_DATE('1998-03-31', 'YYYY-MM-DD'),	TO_DATE('2030-01-01', 'YYYY-MM-DD'))/
INSERT INTO test.title(employee_id, title, from_date, to_date) VALUES (72,  	'Engineer',	            TO_DATE('1985-02-24', 'YYYY-MM-DD'),	TO_DATE('1987-01-27', 'YYYY-MM-DD'))/
INSERT INTO test.title(employee_id, title, from_date, to_date) VALUES (73,  	'Senior Staff',	        TO_DATE('2000-05-04', 'YYYY-MM-DD'),	TO_DATE('2030-01-01', 'YYYY-MM-DD'))/
INSERT INTO test.title(employee_id, title, from_date, to_date) VALUES (74,  	'Staff',	            TO_DATE('1992-05-04', 'YYYY-MM-DD'),	TO_DATE('2000-05-04', 'YYYY-MM-DD'))/
INSERT INTO test.title(employee_id, title, from_date, to_date) VALUES (75,  	'Senior Staff',	        TO_DATE('1999-12-25', 'YYYY-MM-DD'),	TO_DATE('2030-01-01', 'YYYY-MM-DD'))/
INSERT INTO test.title(employee_id, title, from_date, to_date) VALUES (76,  	'Staff',	            TO_DATE('1990-12-25', 'YYYY-MM-DD'),	TO_DATE('1999-12-25', 'YYYY-MM-DD'))/
INSERT INTO test.title(employee_id, title, from_date, to_date) VALUES (77,  	'Engineer',	            TO_DATE('1992-10-15', 'YYYY-MM-DD'),	TO_DATE('1998-10-15', 'YYYY-MM-DD'))/
INSERT INTO test.title(employee_id, title, from_date, to_date) VALUES (78,  	'Senior Engineer',	    TO_DATE('1998-10-15', 'YYYY-MM-DD'),	TO_DATE('2030-01-01', 'YYYY-MM-DD'))/
INSERT INTO test.title(employee_id, title, from_date, to_date) VALUES (79,  	'Senior Staff',	        TO_DATE('2002-01-31', 'YYYY-MM-DD'),	TO_DATE('2030-01-01', 'YYYY-MM-DD'))/
INSERT INTO test.title(employee_id, title, from_date, to_date) VALUES (80,  	'Staff',	            TO_DATE('1997-01-31', 'YYYY-MM-DD'),	TO_DATE('2002-01-31', 'YYYY-MM-DD'))/
INSERT INTO test.title(employee_id, title, from_date, to_date) VALUES (81,  	'Senior Staff',	        TO_DATE('1994-11-13', 'YYYY-MM-DD'),	TO_DATE('2030-01-01', 'YYYY-MM-DD'))/
INSERT INTO test.title(employee_id, title, from_date, to_date) VALUES (82,  	'Senior Staff',	        TO_DATE('2000-07-28', 'YYYY-MM-DD'),	TO_DATE('2030-01-01', 'YYYY-MM-DD'))/
INSERT INTO test.title(employee_id, title, from_date, to_date) VALUES (83,  	'Staff',	            TO_DATE('1995-07-29', 'YYYY-MM-DD'),	TO_DATE('2000-07-28', 'YYYY-MM-DD'))/
INSERT INTO test.title(employee_id, title, from_date, to_date) VALUES (84,  	'Staff',	            TO_DATE('1992-04-27', 'YYYY-MM-DD'),	TO_DATE('1995-07-22', 'YYYY-MM-DD'))/
INSERT INTO test.title(employee_id, title, from_date, to_date) VALUES (85,  	'Engineer',	            TO_DATE('1990-02-01', 'YYYY-MM-DD'),	TO_DATE('1999-02-01', 'YYYY-MM-DD'))/
INSERT INTO test.title(employee_id, title, from_date, to_date) VALUES (86,  	'Senior Engineer',	    TO_DATE('1999-02-01', 'YYYY-MM-DD'),	TO_DATE('2030-01-01', 'YYYY-MM-DD'))/
INSERT INTO test.title(employee_id, title, from_date, to_date) VALUES (87,  	'Engineer',	            TO_DATE('1992-01-15', 'YYYY-MM-DD'),	TO_DATE('2000-01-15', 'YYYY-MM-DD'))/
INSERT INTO test.title(employee_id, title, from_date, to_date) VALUES (88,  	'Senior Engineer',	    TO_DATE('2000-01-15', 'YYYY-MM-DD'),	TO_DATE('2030-01-01', 'YYYY-MM-DD'))/
INSERT INTO test.title(employee_id, title, from_date, to_date) VALUES (89,  	'Senior Staff',	        TO_DATE('1988-04-25', 'YYYY-MM-DD'),	TO_DATE('2030-01-01', 'YYYY-MM-DD'))/
INSERT INTO test.title(employee_id, title, from_date, to_date) VALUES (90,  	'Senior Staff',	        TO_DATE('1991-06-26', 'YYYY-MM-DD'),	TO_DATE('2030-01-01', 'YYYY-MM-DD'))/
INSERT INTO test.title(employee_id, title, from_date, to_date) VALUES (91,  	'Senior Staff',	        TO_DATE('1996-05-28', 'YYYY-MM-DD'),	TO_DATE('2030-01-01', 'YYYY-MM-DD'))/
INSERT INTO test.title(employee_id, title, from_date, to_date) VALUES (92,  	'Staff',	            TO_DATE('1989-05-28', 'YYYY-MM-DD'),	TO_DATE('1996-05-28', 'YYYY-MM-DD'))/
INSERT INTO test.title(employee_id, title, from_date, to_date) VALUES (93,  	'Senior Staff',	        TO_DATE('1989-12-02', 'YYYY-MM-DD'),	TO_DATE('2030-01-01', 'YYYY-MM-DD'))/
INSERT INTO test.title(employee_id, title, from_date, to_date) VALUES (94,  	'Engineer',	            TO_DATE('1991-08-30', 'YYYY-MM-DD'),	TO_DATE('1999-08-30', 'YYYY-MM-DD'))/
INSERT INTO test.title(employee_id, title, from_date, to_date) VALUES (95,  	'Senior Engineer',	    TO_DATE('1999-08-30', 'YYYY-MM-DD'),	TO_DATE('2030-01-01', 'YYYY-MM-DD'))/
INSERT INTO test.title(employee_id, title, from_date, to_date) VALUES (96,  	'Senior Engineer',	    TO_DATE('1989-04-08', 'YYYY-MM-DD'),	TO_DATE('2030-01-01', 'YYYY-MM-DD'))/
INSERT INTO test.title(employee_id, title, from_date, to_date) VALUES (97,  	'Staff',	            TO_DATE('1985-11-20', 'YYYY-MM-DD'),	TO_DATE('1992-03-02', 'YYYY-MM-DD'))/
INSERT INTO test.title(employee_id, title, from_date, to_date) VALUES (98,  	'Engineer',	            TO_DATE('1998-05-24', 'YYYY-MM-DD'),	TO_DATE('2030-01-01', 'YYYY-MM-DD'))/
INSERT INTO test.title(employee_id, title, from_date, to_date) VALUES (99,  	'Assistant Engineer',	TO_DATE('1986-02-26', 'YYYY-MM-DD'),	TO_DATE('1992-02-26', 'YYYY-MM-DD'))/
INSERT INTO test.title(employee_id, title, from_date, to_date) VALUES (100, 	'Engineer',	            TO_DATE('1992-02-26', 'YYYY-MM-DD'),	TO_DATE('1998-02-25', 'YYYY-MM-DD'))/

commit/